Datetime,ShoreBreak_Index,Hazard_Level
2025-04-29 00:00:00,11.897161600213598,4
2025-04-29 00:10:00,11.913908776395822,4
2025-04-29 00:20:00,11.930600203584536,4
2025-04-29 00:30:00,11.947235681017913,4
2025-04-29 00:40:00,11.963815007899546,4
2025-04-29 00:50:00,11.98033798339839,4
2025-04-29 01:00:00,11.9968044066486,4
2025-04-29 01:10:00,11.977635026146132,4
2025-04-29 01:20:00,11.958279692378042,4
2025-04-29 01:30:00,11.938738795524936,4
2025-04-29 01:40:00,11.919012726420952,4
2025-04-29 01:50:00,11.899101876561078,4
2025-04-29 02:00:00,11.879006638108697,4
2025-04-29 02:10:00,11.861569069116298,4
2025-04-29 02:20:00,11.843877530801047,4
2025-04-29 02:30:00,11.825932607454062,4
2025-04-29 02:40:00,11.807734889904632,4
2025-04-29 02:50:00,11.789284975510318,4
2025-04-29 03:00:00,11.770583468147176,4
2025-04-29 03:10:00,11.809229273235081,4
2025-04-29 03:20:00,11.847859166851899,4
2025-04-29 03:30:00,11.886473225951862,4
2025-04-29 03:40:00,11.925071527370266,4
2025-04-29 03:50:00,11.963654147813298,4
2025-04-29 04:00:00,12.002221163848247,4
2025-04-29 04:10:00,11.98232788069003,4
2025-04-29 04:20:00,11.962183972075236,4
2025-04-29 04:30:00,11.941790075861064,4
2025-04-29 04:40:00,11.921146836344796,4
2025-04-29 04:50:00,11.900254904255545,4
2025-04-29 05:00:00,11.8791149367462,4
2025-04-29 05:10:00,11.8791149367462,4
2025-04-29 05:20:00,11.8791149367462,4
2025-04-29 05:30:00,11.8791149367462,4
2025-04-29 05:40:00,11.8791149367462,4
2025-04-29 05:50:00,11.8791149367462,4
2025-04-29 06:00:00,11.8791149367462,4
2025-04-29 06:10:00,11.82025708633474,4
2025-04-29 06:20:00,11.761451362531313,4
2025-04-29 06:30:00,11.55853150461351,4
2025-04-29 06:40:00,11.213667859433468,4
2025-04-29 06:50:00,10.800387552767422,4
2025-04-29 07:00:00,10.24877004815588,4
2025-04-29 07:10:00,9.670476834169994,4
2025-04-29 07:20:00,8.951692228280834,4
2025-04-29 07:30:00,8.163643024143214,3
2025-04-29 07:40:00,7.235858135156397,3
2025-04-29 07:50:00,6.832944481525931,3
2025-04-29 08:00:00,6.397513296248481,3
2025-04-29 08:10:00,5.916377953677407,3
2025-04-29 08:20:00,5.407042309130336,3
2025-04-29 08:30:00,4.808032864682814,2
2025-04-29 08:40:00,4.3629489845084874,2
2025-04-29 08:50:00,3.8582331988444376,2
2025-04-29 09:00:00,3.373428237234792,2
2025-04-29 09:10:00,2.934400364304165,2
2025-04-29 09:20:00,2.502194520175146,1
2025-04-29 09:30:00,2.109313268345995,1
2025-04-29 09:40:00,1.7594121077931986,0
2025-04-29 09:50:00,1.4420799733409455,0
2025-04-29 10:00:00,1.1481055166734129,0
2025-04-29 10:10:00,0.9004296712577781,0
2025-04-29 10:20:00,0.6884644681703896,0
2025-04-29 10:30:00,0.5105002896643527,0
2025-04-29 10:40:00,0.36372158588138753,0
2025-04-29 10:50:00,0.2442450512500319,0
2025-04-29 11:00:00,0.15034181644765163,0
2025-04-29 11:10:00,0.08511321036231712,0
2025-04-29 11:20:00,0.03846383522241165,0
2025-04-29 11:30:00,0.012007919466169838,0
2025-04-29 11:40:00,,4
2025-04-29 11:50:00,0.0,0
2025-04-29 12:00:00,0.0,0
2025-04-29 12:10:00,0.0,0
2025-04-29 12:20:00,0.0,0
2025-04-29 12:30:00,0.0,0
2025-04-29 12:40:00,0.0,0
2025-04-29 12:50:00,0.0042913779716760355,0
2025-04-29 13:00:00,0.02243591892157236,0
2025-04-29 13:10:00,0.05349514596952649,0
2025-04-29 13:20:00,0.10514446330825836,0
2025-04-29 13:30:00,0.17560283689614176,0
2025-04-29 13:40:00,0.2664712882273296,0
2025-04-29 13:50:00,0.38074740029436543,0
2025-04-29 14:00:00,0.5312657628884565,0
2025-04-29 14:10:00,0.6998097854577862,0
2025-04-29 14:20:00,0.8987554592368943,0
2025-04-29 14:30:00,1.1145346461612582,0
2025-04-29 14:40:00,1.3650627714220545,0
2025-04-29 14:50:00,1.6461538051704527,0
2025-04-29 15:00:00,1.952067752414605,1
2025-04-29 15:10:00,2.2625079051344072,1
2025-04-29 15:20:00,2.5972340981836926,1
2025-04-29 15:30:00,2.9521655954264734,2
2025-04-29 15:40:00,3.291974644612838,2
2025-04-29 15:50:00,3.651318321657192,2
2025-04-29 16:00:00,3.9779515465790336,2
2025-04-29 16:10:00,4.2584449304046075,2
2025-04-29 16:20:00,4.59994346408676,2
2025-04-29 16:30:00,4.9378022871803156,2
2025-04-29 16:40:00,5.272026088271693,3
2025-04-29 16:50:00,5.5549677066994265,3
2025-04-29 17:00:00,5.8110658719040496,3
2025-04-29 17:10:00,6.251159765218192,3
2025-04-29 17:20:00,6.791504804142126,3
2025-04-29 17:30:00,7.26728634924534,3
2025-04-29 17:40:00,7.67959796055954,3
2025-04-29 17:50:00,7.972721661949504,3
2025-04-29 18:00:00,8.205255874562678,3
2025-04-29 18:10:00,8.378995785746499,3
2025-04-29 18:20:00,8.438513686552541,3
2025-04-29 18:30:00,8.44131003414443,3
2025-04-29 18:40:00,8.33336944873115,3
2025-04-29 18:50:00,8.171487895941402,3
2025-04-29 19:00:00,7.956702786419794,3
2025-04-29 19:10:00,7.573898824025391,3
2025-04-29 19:20:00,7.196125592820154,3
2025-04-29 19:30:00,6.717032228764909,3
2025-04-29 19:40:00,6.138986832244961,3
2025-04-29 19:50:00,5.569072507327613,3
2025-04-29 20:00:00,5.133385697501493,2
2025-04-29 20:10:00,4.8400930102413255,2
2025-04-29 20:20:00,4.528182662296177,2
2025-04-29 20:30:00,4.197915614167585,2
2025-04-29 20:40:00,3.8495531101156604,2
2025-04-29 20:50:00,3.5245837311124673,2
2025-04-29 21:00:00,3.2710611168203063,2
2025-04-29 21:10:00,2.9828475618273083,2
2025-04-29 21:20:00,2.6846292639818983,1
2025-04-29 21:30:00,2.4006800810518834,1
2025-04-29 21:40:00,2.0849840716855823,1
2025-04-29 21:50:00,1.8017902875001504,1
2025-04-29 22:00:00,1.5386704861131115,0
2025-04-29 22:10:00,1.28020370161427,0
2025-04-29 22:20:00,1.0464016427043557,0
2025-04-29 22:30:00,0.8441354119225636,0
2025-04-29 22:40:00,0.6551180476713794,0
2025-04-29 22:50:00,0.4942182752166061,0
2025-04-29 23:00:00,0.358779744665725,0
2025-04-29 23:10:00,0.24731037560797914,0
2025-04-29 23:20:00,0.1581904919185311,0
2025-04-29 23:30:00,0.09494438239497786,0
2025-04-29 23:40:00,0.043923643253325186,0
2025-04-29 23:50:00,0.013929073214140919,0
2025-04-30 00:00:00,0.0007489092332286344,0
2025-04-30 00:10:00,0.0,0
2025-04-30 00:20:00,0.0,0
2025-04-30 00:30:00,0.0,0
2025-04-30 00:40:00,0.0,0
2025-04-30 00:50:00,0.0,0
2025-04-30 01:00:00,0.0,0
2025-04-30 01:10:00,0.0,0
2025-04-30 01:20:00,0.000736757805429508,0
2025-04-30 01:30:00,0.013665199309845466,0
2025-04-30 01:40:00,0.04297078091327733,0
2025-04-30 01:50:00,0.08709698689791709,0
2025-04-30 02:00:00,0.1472934100088483,0
2025-04-30 02:10:00,0.22542803709617187,0
2025-04-30 02:20:00,0.32354374008086373,0
2025-04-30 02:30:00,0.4424689835376582,0
2025-04-30 02:40:00,0.5851591903630396,0
2025-04-30 02:50:00,0.7521269612002738,0
2025-04-30 03:00:00,0.9450907250063018,0
2025-04-30 03:10:00,1.1556049748338366,0
2025-04-30 03:20:00,1.3770768727795082,0
2025-04-30 03:30:00,1.6289828881626067,0
2025-04-30 03:40:00,1.8863889832423448,1
2025-04-30 03:50:00,2.158848171063781,1
2025-04-30 04:00:00,2.4328618942177807,1
2025-04-30 04:10:00,2.699658353603419,1
2025-04-30 04:20:00,2.98932480219188,2
2025-04-30 04:30:00,3.23740173905914,2
2025-04-30 04:40:00,3.48026643252473,2
2025-04-30 04:50:00,3.8147788425937033,2
2025-04-30 05:00:00,4.126294800761662,2
2025-04-30 05:10:00,4.43677440911065,2
2025-04-30 05:20:00,4.729538349777668,2
2025-04-30 05:30:00,5.004259499352524,2
2025-04-30 05:40:00,5.260611184192985,3
2025-04-30 05:50:00,5.794641044273924,3
2025-04-30 06:00:00,6.295098926057085,3
2025-04-30 06:10:00,6.688401895666696,3
2025-04-30 06:20:00,7.031942223164631,3
2025-04-30 06:30:00,7.3250787459429905,3
2025-04-30 06:40:00,7.5140116315388985,3
2025-04-30 06:50:00,7.6508347350251915,3
2025-04-30 07:00:00,7.73490913587485,3
2025-04-30 07:10:00,7.704181810225286,3
2025-04-30 07:20:00,7.619223703431383,3
2025-04-30 07:30:00,7.425494012665236,3
2025-04-30 07:40:00,7.12203743433298,3
2025-04-30 07:50:00,6.816662360223935,3
2025-04-30 08:00:00,6.400288494935941,3
2025-04-30 08:10:00,5.898874845851492,3
2025-04-30 08:20:00,5.535608396538284,3
2025-04-30 08:30:00,5.306093571487105,3
2025-04-30 08:40:00,5.049968783687541,2
2025-04-30 08:50:00,4.766708784726445,2
2025-04-30 09:00:00,4.478854120750851,2
2025-04-30 09:10:00,4.113690894120694,2
2025-04-30 09:20:00,3.8292748242956693,2
2025-04-30 09:30:00,3.5656455963425167,2
2025-04-30 09:40:00,3.249060920476226,2
2025-04-30 09:50:00,2.930551378753455,1
2025-04-30 10:00:00,2.6258882180697247,1
2025-04-30 10:10:00,2.2950632888232967,1
2025-04-30 10:20:00,2.0059677300952377,1
2025-04-30 10:30:00,1.7303805319390038,0
2025-04-30 10:40:00,1.4550850710182048,0
2025-04-30 10:50:00,1.2199773326364531,0
2025-04-30 11:00:00,1.0016179002837586,0
2025-04-30 11:10:00,0.7957904405505104,0
2025-04-30 11:20:00,0.6325430862235534,0
2025-04-30 11:30:00,0.48118370366769564,0
2025-04-30 11:40:00,0.3653391287193023,0
2025-04-30 11:50:00,0.26942873352055047,0
2025-04-30 12:00:00,0.19246454398815205,0
2025-04-30 12:10:00,0.13174596249204237,0
2025-04-30 12:20:00,0.0916709677856947,0
2025-04-30 12:30:00,0.0622732975517443,0
2025-04-30 12:40:00,0.04657537516321644,0
2025-04-30 12:50:00,0.03700466965071589,0
2025-04-30 13:00:00,0.03708971035080811,0
2025-04-30 13:10:00,0.04191371514808401,0
2025-04-30 13:20:00,0.05209269634882951,0
2025-04-30 13:30:00,0.07454143781535626,0
2025-04-30 13:40:00,0.10624961482206428,0
2025-04-30 13:50:00,0.1493446992957586,0
2025-04-30 14:00:00,0.21429095237469187,0
2025-04-30 14:10:00,0.2867251695212445,0
2025-04-30 14:20:00,0.3879482233467887,0
2025-04-30 14:30:00,0.49913576206754556,0
2025-04-30 14:40:00,0.6464663476126192,0
2025-04-30 14:50:00,0.8062764754321989,0
2025-04-30 15:00:00,0.9953211274143047,0
2025-04-30 15:10:00,1.2143988321579717,0
2025-04-30 15:20:00,1.4706025524785886,0
2025-04-30 15:30:00,1.7418284318221426,0
2025-04-30 15:40:00,2.03634765278242,1
2025-04-30 15:50:00,2.365297246671741,1
2025-04-30 16:00:00,2.715602545101349,1
2025-04-30 16:10:00,3.0785302751585335,2
2025-04-30 16:20:00,3.413273077015024,2
2025-04-30 16:30:00,3.8079283627816785,2
2025-04-30 16:40:00,4.204222268199922,2
2025-04-30 16:50:00,4.5535653026566125,2
2025-04-30 17:00:00,4.878507506866056,2
2025-04-30 17:10:00,5.272806418539635,3
2025-04-30 17:20:00,5.6606558002606056,3
2025-04-30 17:30:00,6.020697333305512,3
2025-04-30 17:40:00,6.325207248537869,3
2025-04-30 17:50:00,6.6296373056512525,3
2025-04-30 18:00:00,6.906263326817388,3
2025-04-30 18:10:00,7.452412209454299,3
2025-04-30 18:20:00,8.033571369874789,3
2025-04-30 18:30:00,8.480264142373121,3
2025-04-30 18:40:00,8.930039658750376,4
2025-04-30 18:50:00,9.243204340326553,4
2025-04-30 19:00:00,9.418168030840041,4
2025-04-30 19:10:00,9.548590463940062,4
2025-04-30 19:20:00,9.538760941409958,4
2025-04-30 19:30:00,9.45899817068439,4
2025-04-30 19:40:00,9.239707374858016,4
2025-04-30 19:50:00,8.951068602671427,4
2025-04-30 20:00:00,8.593305483436131,3
2025-04-30 20:10:00,8.120841925755235,3
2025-04-30 20:20:00,7.5764036845227904,3
2025-04-30 20:30:00,7.0612308794537535,3
2025-04-30 20:40:00,6.789874340785691,3
2025-04-30 20:50:00,6.488880291910456,3
2025-04-30 21:00:00,6.158126449208748,3
2025-04-30 21:10:00,5.766349004184424,3
2025-04-30 21:20:00,5.346542216652186,3
2025-04-30 21:30:00,4.873992911967136,2
2025-04-30 21:40:00,4.50113216230646,2
2025-04-30 21:50:00,4.1155309985606765,2
2025-04-30 22:00:00,3.6907637209516153,2
2025-04-30 22:10:00,3.2995194015824114,2
2025-04-30 22:20:00,2.9123806692132215,1
2025-04-30 22:30:00,2.54579919903891,1
2025-04-30 22:40:00,2.2122911083476673,1
2025-04-30 22:50:00,1.8894579438341146,1
2025-04-30 23:00:00,1.5896729216032506,0
2025-04-30 23:10:00,1.3111669044990082,0
2025-04-30 23:20:00,1.086680959182746,0
2025-04-30 23:30:00,0.8781517386079982,0
2025-04-30 23:40:00,0.6882102916550862,0
2025-04-30 23:50:00,0.5392479831842171,0
2025-05-01 00:00:00,0.4050105454369304,0
2025-05-01 00:10:00,0.30420987649824505,0
2025-05-01 00:20:00,0.21453441064030782,0
2025-05-01 00:30:00,0.15121535522876353,0
2025-05-01 00:40:00,0.10247021846670558,0
2025-05-01 00:50:00,0.06634452918299427,0
2025-05-01 01:00:00,0.04060356916290273,0
2025-05-01 01:10:00,0.027374140160716796,0
2025-05-01 01:20:00,0.019586778898864086,0
2025-05-01 01:30:00,0.01961756935220072,0
2025-05-01 01:40:00,0.023464266932780548,0
2025-05-01 01:50:00,0.031805124296413224,0
2025-05-01 02:00:00,0.04584145767867897,0
2025-05-01 02:10:00,0.07283058262336793,0
2025-05-01 02:20:00,0.11049158174002839,0
2025-05-01 02:30:00,0.16111791358543634,0
2025-05-01 02:40:00,0.22666349072690892,0
2025-05-01 02:50:00,0.30951887889829705,0
2025-05-01 03:00:00,0.4122876621677304,0
2025-05-01 03:10:00,0.5375258854848978,0
2025-05-01 03:20:00,0.6760310265382922,0
2025-05-01 03:30:00,0.8531497050663921,0
2025-05-01 03:40:00,1.0484070758579682,0
2025-05-01 03:50:00,1.2723300913358127,0
2025-05-01 04:00:00,1.5183213861319513,0
2025-05-01 04:10:00,1.7892990288459976,1
2025-05-01 04:20:00,2.0849712189844243,1
2025-05-01 04:30:00,2.387311358535943,1
2025-05-01 04:40:00,2.7081246734233217,1
2025-05-01 04:50:00,3.0418553423285135,2
2025-05-01 05:00:00,3.367584419258625,2
2025-05-01 05:10:00,3.7332412296060604,2
2025-05-01 05:20:00,4.079192050102019,2
2025-05-01 05:30:00,4.407928027899668,2
2025-05-01 05:40:00,4.713691001687371,2
2025-05-01 05:50:00,5.047387918875077,2
2025-05-01 06:00:00,5.408588888718652,3
2025-05-01 06:10:00,5.705213962761284,3
2025-05-01 06:20:00,5.973909395644396,3
2025-05-01 06:30:00,6.2421092724375535,3
2025-05-01 06:40:00,6.455143181376452,3
2025-05-01 06:50:00,6.667780399545598,3
2025-05-01 07:00:00,6.82544955950941,3
2025-05-01 07:10:00,7.092130589881245,3
2025-05-01 07:20:00,7.348023690704705,3
2025-05-01 07:30:00,7.535858826890155,3
2025-05-01 07:40:00,7.656003146972009,3
2025-05-01 07:50:00,7.6419934630904205,3
2025-05-01 08:00:00,7.56127281611306,3
2025-05-01 08:10:00,7.397236985475761,3
2025-05-01 08:20:00,7.10179089445436,3
2025-05-01 08:30:00,6.742496389250836,3
2025-05-01 08:40:00,6.532510499381185,3
2025-05-01 08:50:00,6.319441152720556,3
2025-05-01 09:00:00,6.081496336624895,3
2025-05-01 09:10:00,5.8307175935957645,3
2025-05-01 09:20:00,5.528151864381447,3
2025-05-01 09:30:00,5.226504354695783,3
2025-05-01 09:40:00,4.899818219330441,2
2025-05-01 09:50:00,4.566381310753545,2
2025-05-01 10:00:00,4.265966884415962,2
2025-05-01 10:10:00,3.938845066447792,2
2025-05-01 10:20:00,3.598161141633431,2
2025-05-01 10:30:00,3.24934120814833,2
2025-05-01 10:40:00,2.922197047989437,1
2025-05-01 10:50:00,2.5987498594462224,1
2025-05-01 11:00:00,2.2978411302009074,1
2025-05-01 11:10:00,2.0123069088857837,1
2025-05-01 11:20:00,1.750999742932725,0
2025-05-01 11:30:00,1.5222418173801195,0
2025-05-01 11:40:00,1.2930540567215998,0
2025-05-01 11:50:00,1.1055469463320782,0
2025-05-01 12:00:00,0.9335697231132214,0
2025-05-01 12:10:00,0.7848698732246181,0
2025-05-01 12:20:00,0.6477851637711534,0
2025-05-01 12:30:00,0.5428575491798463,0
2025-05-01 12:40:00,0.4551347782790445,0
2025-05-01 12:50:00,0.3744318693872367,0
2025-05-01 13:00:00,0.3174105391175592,0
2025-05-01 13:10:00,0.27292600491230445,0
2025-05-01 13:20:00,0.24723948702460066,0
2025-05-01 13:30:00,0.2227016048325189,0
2025-05-01 13:40:00,0.21448648479202623,0
2025-05-01 13:50:00,0.21410102487178637,0
2025-05-01 14:00:00,0.22150240935094379,0
2025-05-01 14:10:00,0.24536541688318655,0
2025-05-01 14:20:00,0.27024219610367267,0
2025-05-01 14:30:00,0.31353257424725955,0
2025-05-01 14:40:00,0.35889567221970636,0
2025-05-01 14:50:00,0.4257168077915759,0
2025-05-01 15:00:00,0.4969245303315482,0
2025-05-01 15:10:00,0.5951226985681823,0
2025-05-01 15:20:00,0.6988372794659834,0
2025-05-01 15:30:00,0.8226491665162076,0
2025-05-01 15:40:00,0.9663823876285174,0
2025-05-01 15:50:00,1.117714378365175,0
2025-05-01 16:00:00,1.2947319918237585,0
2025-05-01 16:10:00,1.4886537951367529,0
2025-05-01 16:20:00,1.6957251245424352,0
2025-05-01 16:30:00,1.9078883499921484,1
2025-05-01 16:40:00,2.119001494105578,1
2025-05-01 16:50:00,2.3685009344464967,1
2025-05-01 17:00:00,2.5935727678668092,1
2025-05-01 17:10:00,2.82930580075935,1
2025-05-01 17:20:00,3.0764024630306217,2
2025-05-01 17:30:00,3.3326294572144075,2
2025-05-01 17:40:00,3.535041038948352,2
2025-05-01 17:50:00,3.7343588827240506,2
2025-05-01 18:00:00,3.9649450900727725,2
2025-05-01 18:10:00,4.194320674143895,2
2025-05-01 18:20:00,4.42252637704667,2
2025-05-01 18:30:00,4.627947656397441,2
2025-05-01 18:40:00,4.810738389079434,2
2025-05-01 18:50:00,4.971053145450358,2
2025-05-01 19:00:00,5.130500431871274,2
2025-05-01 19:10:00,5.252348696889144,3
2025-05-01 19:20:00,5.373834223830131,3
2025-05-01 19:30:00,5.5643249668601955,3
2025-05-01 19:40:00,5.767936623240563,3
2025-05-01 19:50:00,5.865603311255805,3
2025-05-01 20:00:00,5.910352594684902,3
2025-05-01 20:10:00,5.916146514563128,3
2025-05-01 20:20:00,5.869196734593855,3
2025-05-01 20:30:00,5.71658930765218,3
2025-05-01 20:40:00,5.563644234820643,3
2025-05-01 20:50:00,5.349816356429466,3
2025-05-01 21:00:00,5.247848297410375,3
2025-05-01 21:10:00,5.113439048488828,2
2025-05-01 21:20:00,4.95646211883388,2
2025-05-01 21:30:00,4.776736541072737,2
2025-05-01 21:40:00,4.5957476839141815,2
2025-05-01 21:50:00,4.370058198149498,2
2025-05-01 22:00:00,4.142884864499452,2
2025-05-01 22:10:00,3.9022396102949966,2
2025-05-01 22:20:00,3.707137696879933,2
2025-05-01 22:30:00,3.510094670545215,2
2025-05-01 22:40:00,3.2910357782410395,2
2025-05-01 22:50:00,3.0338842710373295,2
2025-05-01 23:00:00,2.785802547936339,1
2025-05-01 23:10:00,2.552930013746181,1
2025-05-01 23:20:00,2.3098097213806876,1
2025-05-01 23:30:00,2.073343654232849,1
2025-05-01 23:40:00,1.846141734363267,1
2025-05-01 23:50:00,1.6349003267717686,0
2025-05-02 00:00:00,1.4370018091622594,0
2025-05-02 00:10:00,1.2462130822277426,0
2025-05-02 00:20:00,1.0772551971687905,0
2025-05-02 00:30:00,0.916219883175172,0
2025-05-02 00:40:00,0.7743872605478669,0
2025-05-02 00:50:00,0.653990961376669,0
2025-05-02 01:00:00,0.5504953617022749,0
2025-05-02 01:10:00,0.4633637756184473,0
2025-05-02 01:20:00,0.38146691983488945,0
2025-05-02 01:30:00,0.3237230738350029,0
2025-05-02 01:40:00,0.27807212301693013,0
2025-05-02 01:50:00,0.243653380839546,0
2025-05-02 02:00:00,0.21905226640461795,0
2025-05-02 02:10:00,0.2033646289472959,0
2025-05-02 02:20:00,0.1961778871744159,0
2025-05-02 02:30:00,0.19729236629777555,0
2025-05-02 02:40:00,0.21542735557124573,0
2025-05-02 02:50:00,0.23424010863657158,0
2025-05-02 03:00:00,0.27235309837030125,0
2025-05-02 03:10:00,0.312710525737888,0
2025-05-02 03:20:00,0.3766631456302727,0
2025-05-02 03:30:00,0.4450840934843672,0
2025-05-02 03:40:00,0.5298859790492798,0
2025-05-02 03:50:00,0.6346520959090174,0
2025-05-02 04:00:00,0.7607879256696507,0
2025-05-02 04:10:00,0.9105740727696515,0
2025-05-02 04:20:00,1.074068935723738,0
2025-05-02 04:30:00,1.2643331656188848,0
2025-05-02 04:40:00,1.469360470490408,0
2025-05-02 04:50:00,1.7089087985764742,0
2025-05-02 05:00:00,1.9596718515721392,1
2025-05-02 05:10:00,2.235519834950367,1
2025-05-02 05:20:00,2.5235574671401593,1
2025-05-02 05:30:00,2.8440442261284495,1
2025-05-02 05:40:00,3.1786914572184832,2
2025-05-02 05:50:00,3.5476405378158478,2
2025-05-02 06:00:00,3.894770730637445,2
2025-05-02 06:10:00,4.285190092412292,2
2025-05-02 06:20:00,4.707578988866292,2
2025-05-02 06:30:00,5.102724256302568,2
2025-05-02 06:40:00,5.500440993899609,3
2025-05-02 06:50:00,5.867807669484482,3
2025-05-02 07:00:00,6.310431279624345,3
2025-05-02 07:10:00,6.725176755050905,3
2025-05-02 07:20:00,7.096762538443868,3
2025-05-02 07:30:00,7.426050125180752,3
2025-05-02 07:40:00,7.752919213280566,3
2025-05-02 07:50:00,8.001121894698484,3
2025-05-02 08:00:00,8.248684802958065,3
2025-05-02 08:10:00,8.422160561552591,3
2025-05-02 08:20:00,8.597434025938016,3
2025-05-02 08:30:00,8.698258572427191,4
2025-05-02 08:40:00,8.799782876969116,4
2025-05-02 08:50:00,8.8246483463645,4
2025-05-02 09:00:00,8.849102588796848,4
2025-05-02 09:10:00,8.827776974666925,4
2025-05-02 09:20:00,8.798947879605024,4
2025-05-02 09:30:00,8.67573748129316,4
2025-05-02 09:40:00,8.539147000146988,3
2025-05-02 09:50:00,8.342828683863347,3
2025-05-02 10:00:00,8.03385952086981,3
2025-05-02 10:10:00,7.72362586395039,3
2025-05-02 10:20:00,7.301924047419767,3
2025-05-02 10:30:00,6.884115062012135,3
2025-05-02 10:40:00,6.5148884641695695,3
2025-05-02 10:50:00,6.094965663868432,3
2025-05-02 11:00:00,5.6670995861342925,3
2025-05-02 11:10:00,5.233142542569498,3
2025-05-02 11:20:00,4.805527965303649,2
2025-05-02 11:30:00,4.3986731934798895,2
2025-05-02 11:40:00,4.028104009102859,2
2025-05-02 11:50:00,3.627428488352645,2
2025-05-02 12:00:00,3.2820615602393786,2
2025-05-02 12:10:00,2.9310081076126844,1
2025-05-02 12:20:00,2.618214896563006,1
2025-05-02 12:30:00,2.3466952094427547,1
2025-05-02 12:40:00,2.070700874192232,1
2025-05-02 12:50:00,1.853435207853676,1
2025-05-02 13:00:00,1.6444836268244805,0
2025-05-02 13:10:00,1.4506276664597644,0
2025-05-02 13:20:00,1.3059415662863014,0
2025-05-02 13:30:00,1.1665855673175491,0
2025-05-02 13:40:00,1.05284483684798,0
2025-05-02 13:50:00,0.9629754315607416,0
2025-05-02 14:00:00,0.8932880585682377,0
2025-05-02 14:10:00,0.8249138000337731,0
2025-05-02 14:20:00,0.7916340464540677,0
2025-05-02 14:30:00,0.775332185630501,0
2025-05-02 14:40:00,0.7756454904835447,0
2025-05-02 14:50:00,0.792608395662801,0
2025-05-02 15:00:00,0.8266565636557676,0
2025-05-02 15:10:00,0.860370565807551,0
2025-05-02 15:20:00,0.9298102073821024,0
2025-05-02 15:30:00,1.0011863796934806,0
2025-05-02 15:40:00,1.0932083649355147,0
2025-05-02 15:50:00,1.2108076856999048,0
2025-05-02 16:00:00,1.3537319015828688,0
2025-05-02 16:10:00,1.503326199282906,0
2025-05-02 16:20:00,1.6817886107312494,0
2025-05-02 16:30:00,1.8748556294065757,1
2025-05-02 16:40:00,2.1013076350099014,1
2025-05-02 16:50:00,2.3635966381431466,1
2025-05-02 17:00:00,2.6479650601410145,1
2025-05-02 17:10:00,2.9446879246079116,2
2025-05-02 17:20:00,3.2821451956319785,2
2025-05-02 17:30:00,3.6390308401380613,2
2025-05-02 17:40:00,4.030546750077132,2
2025-05-02 17:50:00,4.431552415333328,2
2025-05-02 18:00:00,4.839879782873708,2
2025-05-02 18:10:00,5.282289357444949,3
2025-05-02 18:20:00,5.724126831785079,3
2025-05-02 18:30:00,6.215784999426596,3
2025-05-02 18:40:00,6.664057307224242,3
2025-05-02 18:50:00,7.111978838758516,3
2025-05-02 19:00:00,7.523143928699959,3
2025-05-02 19:10:00,8.044112097539035,3
2025-05-02 19:20:00,8.504441713333835,3
2025-05-02 19:30:00,8.961590583866823,4
2025-05-02 19:40:00,9.356079287359218,4
2025-05-02 19:50:00,9.745672150900177,4
2025-05-02 20:00:00,10.016300291955364,4
2025-05-02 20:10:00,10.275914436241772,4
2025-05-02 20:20:00,10.475871321252917,4
2025-05-02 20:30:00,10.617958359994134,4
2025-05-02 20:40:00,10.70377593156741,4
2025-05-02 20:50:00,10.788443787946308,4
2025-05-02 21:00:00,10.764994354186367,4
2025-05-02 21:10:00,10.733719916892456,4
2025-05-02 21:20:00,10.595544956995242,4
2025-05-02 21:30:00,10.457440959361659,4
2025-05-02 21:40:00,10.21146473565106,4
2025-05-02 21:50:00,9.964710273501478,4
2025-05-02 22:00:00,9.662564019829246,4
2025-05-02 22:10:00,9.31104568154813,4
2025-05-02 22:20:00,8.957872583974984,4
2025-05-02 22:30:00,8.491735615855472,3
2025-05-02 22:40:00,8.024655283484977,3
2025-05-02 22:50:00,7.502003255710909,3
2025-05-02 23:00:00,7.0099388703511645,3
2025-05-02 23:10:00,6.550955518853899,3
2025-05-02 23:20:00,6.096437225121968,3
2025-05-02 23:30:00,5.605831469737771,3
2025-05-02 23:40:00,5.124350805210831,2
2025-05-02 23:50:00,4.661202200054871,2
2025-05-03 00:00:00,4.228116742833201,2
2025-05-03 00:10:00,3.84800960042301,2
2025-05-03 00:20:00,3.4445343178569585,2
2025-05-03 00:30:00,3.0994088512868148,2
2025-05-03 00:40:00,2.781748214973653,1
2025-05-03 00:50:00,2.475142881969957,1
2025-05-03 01:00:00,2.1845438859647404,1
2025-05-03 01:10:00,1.941026173426306,1
2025-05-03 01:20:00,1.7084087500951168,0
2025-05-03 01:30:00,1.5090857929998842,0
2025-05-03 01:40:00,1.326294848547016,0
2025-05-03 01:50:00,1.171290133578098,0
2025-05-03 02:00:00,1.0417349976139616,0
2025-05-03 02:10:00,0.9201370702854688,0
2025-05-03 02:20:00,0.8215215230532986,0
2025-05-03 02:30:00,0.742519428020457,0
2025-05-03 02:40:00,0.6813948600142864,0
2025-05-03 02:50:00,0.6366782002292263,0
2025-05-03 03:00:00,0.6072099382511521,0
2025-05-03 03:10:00,0.579036051018535,0
2025-05-03 03:20:00,0.578407612664057,0
2025-05-03 03:30:00,0.5777782254391955,0
2025-05-03 03:40:00,0.6045429480771256,0
2025-05-03 03:50:00,0.6319949477141007,0
2025-05-03 04:00:00,0.67429733092576,0
2025-05-03 04:10:00,0.7175175779098295,0
2025-05-03 04:20:00,0.792137800062678,0
2025-05-03 04:30:00,0.8692267644067309,0
2025-05-03 04:40:00,0.9486451739427458,0
2025-05-03 04:50:00,1.0494831678820977,0
2025-05-03 05:00:00,1.1722302353660061,0
2025-05-03 05:10:00,1.3180926591099689,0
2025-05-03 05:20:00,1.4695963687565148,0
2025-05-03 05:30:00,1.63230333601123,0
2025-05-03 05:40:00,1.8216752824088207,1
2025-05-03 05:50:00,2.0165801379664114,1
2025-05-03 06:00:00,2.223049435436601,1
2025-05-03 06:10:00,2.466303534987671,1
2025-05-03 06:20:00,2.689336178554976,1
2025-05-03 06:30:00,2.9413864856631453,2
2025-05-03 06:40:00,3.217965012254331,2
2025-05-03 06:50:00,3.47319400994808,2
2025-05-03 07:00:00,3.7589493049610256,2
2025-05-03 07:10:00,4.013567187131777,2
2025-05-03 07:20:00,4.313944877528024,2
2025-05-03 07:30:00,4.574756261501372,2
2025-05-03 07:40:00,4.866471849614497,2
2025-05-03 07:50:00,5.119506489461481,2
2025-05-03 08:00:00,5.333815593696585,3
2025-05-03 08:10:00,5.574489219593342,3
2025-05-03 08:20:00,5.744060938630863,3
2025-05-03 08:30:00,5.926989652891975,3
2025-05-03 08:40:00,6.107518337534743,3
2025-05-03 08:50:00,6.282659433985455,3
2025-05-03 09:00:00,6.373970450114934,3
2025-05-03 09:10:00,6.483938058370121,3
2025-05-03 09:20:00,6.592519114224528,3
2025-05-03 09:30:00,6.62379542376689,3
2025-05-03 09:40:00,6.654831728349066,3
2025-05-03 09:50:00,6.6478249264050895,3
2025-05-03 10:00:00,6.602850523800086,3
2025-05-03 10:10:00,6.487028772378782,3
2025-05-03 10:20:00,6.3721808609786805,3
2025-05-03 10:30:00,6.2205973972876025,3
2025-05-03 10:40:00,6.0322903154905125,3
2025-05-03 10:50:00,5.8070351255771895,3
2025-05-03 11:00:00,5.582770778203747,3
2025-05-03 11:10:00,5.384419880401569,3
2025-05-03 11:20:00,5.162825939913632,2
2025-05-03 11:30:00,4.938493826939686,2
2025-05-03 11:40:00,4.712194949591063,2
2025-05-03 11:50:00,4.454500916548506,2
2025-05-03 12:00:00,4.165745417024807,2
2025-05-03 12:10:00,3.9058874658499145,2
2025-05-03 12:20:00,3.645242656251249,2
2025-05-03 12:30:00,3.397779391627363,2
2025-05-03 12:40:00,3.152215514050768,2
2025-05-03 12:50:00,2.909733210763933,1
2025-05-03 13:00:00,2.6714718206686148,1
2025-05-03 13:10:00,2.4575314453007993,1
2025-05-03 13:20:00,2.2702219221231883,1
2025-05-03 13:30:00,2.0872187220523544,1
2025-05-03 13:40:00,1.9091012125626166,1
2025-05-03 13:50:00,1.7428313468674166,0
2025-05-03 14:00:00,1.603287893880936,0
2025-05-03 14:10:00,1.4850866166005274,0
2025-05-03 14:20:00,1.3703080560771312,0
2025-05-03 14:30:00,1.2762422562376088,0
2025-05-03 14:40:00,1.1872372484899245,0
2025-05-03 14:50:00,1.1174390658604083,0
2025-05-03 15:00:00,1.0647509213642166,0
2025-05-03 15:10:00,1.0282305291128417,0
2025-05-03 15:20:00,0.9922900292424174,0
2025-05-03 15:30:00,0.9716738072356004,0
2025-05-03 15:40:00,0.9659243927894606,0
2025-05-03 15:50:00,0.9748010825980064,0
2025-05-03 16:00:00,0.9835655294750649,0
2025-05-03 16:10:00,1.0088218280405183,0
2025-05-03 16:20:00,1.0489632855916144,0
2025-05-03 16:30:00,1.0893171748056965,0
2025-05-03 16:40:00,1.145038688440388,0
2025-05-03 16:50:00,1.2189677575732198,0
2025-05-03 17:00:00,1.2948178950967364,0
2025-05-03 17:10:00,1.3747096810084418,0
2025-05-03 17:20:00,1.4894303754761729,0
2025-05-03 17:30:00,1.5886740544994247,0
2025-05-03 17:40:00,1.7093887829441239,0
2025-05-03 17:50:00,1.8365218220338182,1
2025-05-03 18:00:00,1.9840171149852184,1
2025-05-03 18:10:00,2.138349018653586,1
2025-05-03 18:20:00,2.2944177646437693,1
2025-05-03 18:30:00,2.4863633672111987,1
2025-05-03 18:40:00,2.6620235724662065,1
2025-05-03 18:50:00,2.8607369258802957,1
2025-05-03 19:00:00,3.0375689565322137,2
2025-05-03 19:10:00,3.230803174562885,2
2025-05-03 19:20:00,3.4255403566336025,2
2025-05-03 19:30:00,3.62246279342422,2
2025-05-03 19:40:00,3.815545229072494,2
2025-05-03 19:50:00,4.003608708872976,2
2025-05-03 20:00:00,4.161843507212831,2
2025-05-03 20:10:00,4.329267027358961,2
2025-05-03 20:20:00,4.443780814334894,2
2025-05-03 20:30:00,4.583191505388699,2
2025-05-03 20:40:00,4.733480484651876,2
2025-05-03 20:50:00,4.848736792759932,2
2025-05-03 21:00:00,4.957782583680905,2
2025-05-03 21:10:00,5.038475020601444,2
2025-05-03 21:20:00,5.116025169971973,2
2025-05-03 21:30:00,5.141970452362545,2
2025-05-03 21:40:00,5.192620922945178,3
2025-05-03 21:50:00,5.192410760162747,3
2025-05-03 22:00:00,5.191963386175363,3
2025-05-03 22:10:00,5.168372500977789,2
2025-05-03 22:20:00,5.120082515464888,2
2025-05-03 22:30:00,5.072036846811411,2
2025-05-03 22:40:00,4.999744499094378,2
2025-05-03 22:50:00,4.903544239395115,2
2025-05-03 23:00:00,4.783774310795701,2
2025-05-03 23:10:00,4.671648628946515,2
2025-05-03 23:20:00,4.535882041230566,2
2025-05-03 23:30:00,4.400690657203809,2
2025-05-03 23:40:00,4.2397358154318985,2
2025-05-03 23:50:00,4.074571946549082,2
2025-05-04 00:00:00,3.934243846806513,2
2025-05-04 00:10:00,3.7723628495502077,2
2025-05-04 00:20:00,3.605954351094408,2
2025-05-04 00:30:00,3.4150402179430275,2
2025-05-04 00:40:00,3.2412547033474333,2
2025-05-04 00:50:00,3.043671463448642,2
2025-05-04 01:00:00,2.8694815345812534,1
2025-05-04 01:10:00,2.6795934975205506,1
2025-05-04 01:20:00,2.506751493549646,1
2025-05-04 01:30:00,2.333438912142175,1
2025-05-04 01:40:00,2.1640032490893524,1
2025-05-04 01:50:00,2.008626899475064,1
2025-05-04 02:00:00,1.853966751277694,1
2025-05-04 02:10:00,1.6980098396376475,0
2025-05-04 02:20:00,1.5626732745062406,0
2025-05-04 02:30:00,1.4367250893581895,0
2025-05-04 02:40:00,1.328102394465729,0
2025-05-04 02:50:00,1.2216370648768429,0
2025-05-04 03:00:00,1.1176179594181108,0
2025-05-04 03:10:00,1.0304601455372786,0
2025-05-04 03:20:00,0.9592776701427201,0
2025-05-04 03:30:00,0.9029150489911997,0
2025-05-04 03:40:00,0.8479289931396942,0
2025-05-04 03:50:00,0.7943385757879379,0
2025-05-04 04:00:00,0.766457250991052,0
2025-05-04 04:10:00,0.740524767980832,0
2025-05-04 04:20:00,0.7269002673440688,0
2025-05-04 04:30:00,0.7252873524413915,0
2025-05-04 04:40:00,0.7236674270121458,0
2025-05-04 04:50:00,0.7338989605200172,0
2025-05-04 05:00:00,0.75602686234772,0
2025-05-04 05:10:00,0.7793181550988241,0
2025-05-04 05:20:00,0.8148813680216849,0
2025-05-04 05:30:00,0.8507600018803794,0
2025-05-04 05:40:00,0.8993097843135025,0
2025-05-04 05:50:00,0.9483257613990794,0
2025-05-04 06:00:00,1.0103749114286371,0
2025-05-04 06:10:00,1.0717529138541686,0
2025-05-04 06:20:00,1.148554801005284,0
2025-05-04 06:30:00,1.2252940666823773,0
2025-05-04 06:40:00,1.3150196257455442,0
2025-05-04 06:50:00,1.3904874279969353,0
2025-05-04 07:00:00,1.4806213312201653,0
2025-05-04 07:10:00,1.5781989604228857,0
2025-05-04 07:20:00,1.688892656796454,0
2025-05-04 07:30:00,1.7840981425089353,1
2025-05-04 07:40:00,1.8908689807264798,1
2025-05-04 07:50:00,1.9886036147698984,1
2025-05-04 08:00:00,2.1029900364103256,1
2025-05-04 08:10:00,2.193853912683453,1
2025-05-04 08:20:00,2.2926836840583213,1
2025-05-04 08:30:00,2.371835246353907,1
2025-05-04 08:40:00,2.4443374620933565,1
2025-05-04 08:50:00,2.512707493332893,1
2025-05-04 09:00:00,2.591091421561063,1
2025-05-04 09:10:00,2.664985934364256,1
2025-05-04 09:20:00,2.7386872164677216,1
2025-05-04 09:30:00,2.8001049515539433,1
2025-05-04 09:40:00,2.861522686640165,1
2025-05-04 09:50:00,2.922940421726387,1
2025-05-04 10:00:00,2.972074609795363,2
2025-05-04 10:10:00,2.979905113780249,2
2025-05-04 10:20:00,2.987139078652254,2
2025-05-04 10:30:00,2.981851855787878,2
2025-05-04 10:40:00,2.976212024244051,2
2025-05-04 10:50:00,2.9585272740847754,2
2025-05-04 11:00:00,2.945112336283432,2
2025-05-04 11:10:00,2.934230705122698,2
2025-05-04 11:20:00,2.9065336441366956,1
2025-05-04 11:30:00,2.8823313978688954,1
2025-05-04 11:40:00,2.8458847544740133,1
2025-05-04 11:50:00,2.797381511073058,1
2025-05-04 12:00:00,2.7482981488499245,1
2025-05-04 12:10:00,2.6740260210916738,1
2025-05-04 12:20:00,2.599577005410227,1
2025-05-04 12:30:00,2.5141285557246005,1
2025-05-04 12:40:00,2.428902462558888,1
2025-05-04 12:50:00,2.3333684573551734,1
2025-05-04 13:00:00,2.2385044545724324,1
2025-05-04 13:10:00,2.1373184059054493,1
2025-05-04 13:20:00,2.031926348962634,1
2025-05-04 13:30:00,1.9380868316933495,1
2025-05-04 13:40:00,1.843054582445711,1
2025-05-04 13:50:00,1.7458464315539726,0
2025-05-04 14:00:00,1.64720708580964,0
2025-05-04 14:10:00,1.5492159212498453,0
2025-05-04 14:20:00,1.459855533604902,0
2025-05-04 14:30:00,1.3775894303205583,0
2025-05-04 14:40:00,1.2943684968633453,0
2025-05-04 14:50:00,1.2209520946825063,0
2025-05-04 15:00:00,1.1372273720605377,0
2025-05-04 15:10:00,1.0761440687387989,0
2025-05-04 15:20:00,1.006870869865614,0
2025-05-04 15:30:00,0.9502391660568075,0
2025-05-04 15:40:00,0.9035813100779104,0
2025-05-04 15:50:00,0.8574851284501773,0
2025-05-04 16:00:00,0.812055657574673,0
2025-05-04 16:10:00,0.7878573184963256,0
2025-05-04 16:20:00,0.7549019229953372,0
2025-05-04 16:30:00,0.7400471598386489,0
2025-05-04 16:40:00,0.7252476554559986,0
2025-05-04 16:50:00,0.7192134899144781,0
2025-05-04 17:00:00,0.7130967856808242,0
2025-05-04 17:10:00,0.7170199394592688,0
2025-05-04 17:20:00,0.7293992791712177,0
2025-05-04 17:30:00,0.7415913943647195,0
2025-05-04 17:40:00,0.7535864788322375,0
2025-05-04 17:50:00,0.7823758505931064,0
2025-05-04 18:00:00,0.8023417598617105,0
2025-05-04 18:10:00,0.8348489550256234,0
2025-05-04 18:20:00,0.8674179170534437,0
2025-05-04 18:30:00,0.9089839618586897,0
2025-05-04 18:40:00,0.9532933632842595,0
2025-05-04 18:50:00,1.0068994312910813,0
2025-05-04 19:00:00,1.060515169491951,0
2025-05-04 19:10:00,1.1137397021487243,0
2025-05-04 19:20:00,1.1665524229071638,0
2025-05-04 19:30:00,1.2290196388950059,0
2025-05-04 19:40:00,1.2869681743053067,0
2025-05-04 19:50:00,1.3540816536428781,0
2025-05-04 20:00:00,1.4200461287479091,0
2025-05-04 20:10:00,1.4845873839674297,0
2025-05-04 20:20:00,1.5474350162872244,0
2025-05-04 20:30:00,1.608323054432851,0
2025-05-04 20:40:00,1.6799720747316746,0
2025-05-04 20:50:00,1.7397124773645387,0
2025-05-04 21:00:00,1.8073782850750635,1
2025-05-04 21:10:00,1.8622758063640596,1
2025-05-04 21:20:00,1.9147848956658724,1
2025-05-04 21:30:00,1.9647101170108512,1
2025-05-04 21:40:00,2.003860430885435,1
2025-05-04 21:50:00,2.042426841789664,1
2025-05-04 22:00:00,2.080790156297236,1
2025-05-04 22:10:00,2.122146696858282,1
2025-05-04 22:20:00,2.1677914404361345,1
2025-05-04 22:30:00,2.2012210960942302,1
2025-05-04 22:40:00,2.2344794052262373,1
2025-05-04 22:50:00,2.2675626140505645,1
2025-05-04 23:00:00,2.2884946256394105,1
2025-05-04 23:10:00,2.3043719438251244,1
2025-05-04 23:20:00,2.320237736546571,1
2025-05-04 23:30:00,2.3240585781564502,1
2025-05-04 23:40:00,2.3278270842365183,1
2025-05-04 23:50:00,2.3194718947514152,1
2025-05-05 00:00:00,2.298936030521736,1
2025-05-05 00:10:00,2.286653903517057,1
2025-05-05 00:20:00,2.2618298682099893,1
2025-05-05 00:30:00,2.2242786834536137,1
2025-05-05 00:40:00,2.1861583380632,1
2025-05-05 00:50:00,2.139659212171967,1
2025-05-05 01:00:00,2.1057150697088,1
2025-05-05 01:10:00,2.052259552070777,1
2025-05-05 01:20:00,1.985718523264743,1
2025-05-05 01:30:00,1.926001502268276,1
2025-05-05 01:40:00,1.8530340276837098,1
2025-05-05 01:50:00,1.7661005041368854,1
2025-05-05 02:00:00,1.6876738889122733,0
2025-05-05 02:10:00,1.60194911211653,0
2025-05-05 02:20:00,1.5264217209303954,0
2025-05-05 02:30:00,1.448562089277112,0
2025-05-05 02:40:00,1.3584512764329264,0
2025-05-05 02:50:00,1.277362091227798,0
2025-05-05 03:00:00,1.1955072566650604,0
2025-05-05 03:10:00,1.120786537016942,0
2025-05-05 03:20:00,1.0457141911429229,0
2025-05-05 03:30:00,0.9800685350686072,0
2025-05-05 03:40:00,0.90521940709429,0
2025-05-05 03:50:00,0.850435885483596,0
2025-05-05 04:00:00,0.7901306637399759,0
2025-05-05 04:10:00,0.7396432054961394,0
2025-05-05 04:20:00,0.689768692467084,0
2025-05-05 04:30:00,0.6488833113969189,0
2025-05-05 04:40:00,0.6167040976661226,0
2025-05-05 04:50:00,0.5857193709053654,0
2025-05-05 05:00:00,0.5555945340640573,0
2025-05-05 05:10:00,0.533371580869339,0
2025-05-05 05:20:00,0.5188115579163373,0
2025-05-05 05:30:00,0.5117663192877531,0
2025-05-05 05:40:00,0.5047285902797956,0
2025-05-05 05:50:00,0.5051204906043433,0
2025-05-05 06:00:00,0.5129729235373773,0
2025-05-05 06:10:00,0.5124064005830506,0
2025-05-05 06:20:00,0.5268422607937643,0
2025-05-05 06:30:00,0.5413813881994127,0
2025-05-05 06:40:00,0.5560200546971981,0
2025-05-05 06:50:00,0.5784770160064383,0
2025-05-05 07:00:00,0.6091767393090018,0
2025-05-05 07:10:00,0.6427374616215803,0
2025-05-05 07:20:00,0.6769099138027641,0
2025-05-05 07:30:00,0.7202846718693289,0
2025-05-05 07:40:00,0.7644985728655632,0
2025-05-05 07:50:00,0.8095014031282961,0
2025-05-05 08:00:00,0.8642982140371354,0
2025-05-05 08:10:00,0.9209041326773162,0
2025-05-05 08:20:00,0.9789335136985073,0
2025-05-05 08:30:00,1.0374587712283336,0
2025-05-05 08:40:00,1.0963179343495035,0
2025-05-05 08:50:00,1.1654688092894931,0
2025-05-05 09:00:00,1.2359033010755407,0
2025-05-05 09:10:00,1.3062155310588952,0
2025-05-05 09:20:00,1.3886068139780392,0
2025-05-05 09:30:00,1.4716235771817943,0
2025-05-05 09:40:00,1.5435653422016395,0
2025-05-05 09:50:00,1.6271207231309621,0
2025-05-05 10:00:00,1.6992067742302004,0
2025-05-05 10:10:00,1.7752673408420718,1
2025-05-05 10:20:00,1.8553653220483506,1
2025-05-05 10:30:00,1.921484749852304,1
2025-05-05 10:40:00,1.9868224527085052,1
2025-05-05 10:50:00,2.051213880096575,1
2025-05-05 11:00:00,2.114492142054684,1
2025-05-05 11:10:00,2.158468994356812,1
2025-05-05 11:20:00,2.2008048272726084,1
2025-05-05 11:30:00,2.229516701583996,1
2025-05-05 11:40:00,2.256916569546536,1
2025-05-05 11:50:00,2.271590760347878,1
2025-05-05 12:00:00,2.2853497441456296,1
2025-05-05 12:10:00,2.274181369719748,1
2025-05-05 12:20:00,2.262106290388534,1
2025-05-05 12:30:00,2.2389162063429846,1
2025-05-05 12:40:00,2.2153812527835304,1
2025-05-05 12:50:00,2.18177776971575,1
2025-05-05 13:00:00,2.1387045988753144,1
2025-05-05 13:10:00,2.1034229662005006,1
2025-05-05 13:20:00,2.05885909228514,1
2025-05-05 13:30:00,2.0146068390846317,1
2025-05-05 13:40:00,1.9610116739087307,1
2025-05-05 13:50:00,1.8978657825256726,1
2025-05-05 14:00:00,1.8348062189292933,1
2025-05-05 14:10:00,1.7769948519102186,1
2025-05-05 14:20:00,1.708497044309231,0
2025-05-05 14:30:00,1.6393860219613714,0
2025-05-05 14:40:00,1.5698241149267989,0
2025-05-05 14:50:00,1.4987981096060634,0
2025-05-05 15:00:00,1.430206815544147,0
2025-05-05 15:10:00,1.354422619977279,0
2025-05-05 15:20:00,1.2793466038691357,0
2025-05-05 15:30:00,1.2142728806191436,0
2025-05-05 15:40:00,1.1410092496729096,0
2025-05-05 15:50:00,1.0724816071469536,0
2025-05-05 16:00:00,1.0078466942842388,0
2025-05-05 16:10:00,0.9541369663438821,0
2025-05-05 16:20:00,0.9009741009700346,0
2025-05-05 16:30:00,0.848455418647437,0
2025-05-05 16:40:00,0.8046095651281189,0
2025-05-05 16:50:00,0.7631623844694047,0
2025-05-05 17:00:00,0.7304456748982936,0
2025-05-05 17:10:00,0.6985997985911009,0
2025-05-05 17:20:00,0.6742241875140527,0
2025-05-05 17:30:00,0.650061871235321,0
2025-05-05 17:40:00,0.6332103151017907,0
2025-05-05 17:50:00,0.6235270665450795,0
2025-05-05 18:00:00,0.613885838440672,0
2025-05-05 18:10:00,0.6110365836040017,0
2025-05-05 18:20:00,0.6081440099816414,0
2025-05-05 18:30:00,0.6052086920856806,0
2025-05-05 18:40:00,0.6022311831123532,0
2025-05-05 18:50:00,0.5992120152791967,0
2025-05-05 19:00:00,0.5961517001183765,0
2025-05-05 19:10:00,0.5945855409492675,0
2025-05-05 19:20:00,0.5929803505646353,0
2025-05-05 19:30:00,0.5913354902921568,0
2025-05-05 19:40:00,0.5896502742264185,0
2025-05-05 19:50:00,0.5879239665930026,0
2025-05-05 20:00:00,0.5861557788845322,0
2025-05-05 20:10:00,0.5871817802671533,0
2025-05-05 20:20:00,0.5882054543254739,0
2025-05-05 20:30:00,0.5892267801165778,0
2025-05-05 20:40:00,0.5902457366047047,0
2025-05-05 20:50:00,0.5912623026587318,0
2025-05-05 21:00:00,0.5922764570496122,0
2025-05-05 21:10:00,0.5921802093350528,0
2025-05-05 21:20:00,0.5920668100150476,0
2025-05-05 21:30:00,0.5919360154660697,0
2025-05-05 21:40:00,0.5917875773987928,0
2025-05-05 21:50:00,0.5916212427412254,0
2025-05-05 22:00:00,0.5914367535182294,0
2025-05-05 22:10:00,0.5936910830908001,0
2025-05-05 22:20:00,0.5959418391829527,0
2025-05-05 22:30:00,0.5981889604301591,0
2025-05-05 22:40:00,0.6004323862832415,0
2025-05-05 22:50:00,0.602672056987346,0
2025-05-05 23:00:00,0.6049079135604005,0
