Datetime,Predicted_Attendance_Percent,Hazard_Level
2025-04-29 00:00:00,,
2025-04-29 00:10:00,,
2025-04-29 00:20:00,,
2025-04-29 00:30:00,,
2025-04-29 00:40:00,,
2025-04-29 00:50:00,,
2025-04-29 01:00:00,,
2025-04-29 01:10:00,,
2025-04-29 01:20:00,,
2025-04-29 01:30:00,,
2025-04-29 01:40:00,,
2025-04-29 01:50:00,,
2025-04-29 02:00:00,,
2025-04-29 02:10:00,,
2025-04-29 02:20:00,,
2025-04-29 02:30:00,,
2025-04-29 02:40:00,,
2025-04-29 02:50:00,,
2025-04-29 03:00:00,,
2025-04-29 03:10:00,,
2025-04-29 03:20:00,,
2025-04-29 03:30:00,,
2025-04-29 03:40:00,,
2025-04-29 03:50:00,,
2025-04-29 04:00:00,,
2025-04-29 04:10:00,,
2025-04-29 04:20:00,,
2025-04-29 04:30:00,,
2025-04-29 04:40:00,,
2025-04-29 04:50:00,,
2025-04-29 05:00:00,,
2025-04-29 05:10:00,,
2025-04-29 05:20:00,,
2025-04-29 05:30:00,,
2025-04-29 05:40:00,,
2025-04-29 05:50:00,,
2025-04-29 06:00:00,,
2025-04-29 06:10:00,,
2025-04-29 06:20:00,,
2025-04-29 06:30:00,,
2025-04-29 06:40:00,,
2025-04-29 06:50:00,,
2025-04-29 07:00:00,,
2025-04-29 07:10:00,,
2025-04-29 07:20:00,,
2025-04-29 07:30:00,,
2025-04-29 07:40:00,,
2025-04-29 07:50:00,,
2025-04-29 08:00:00,28.06841968346954,2.0
2025-04-29 08:10:00,29.436078294518616,2.0
2025-04-29 08:20:00,29.83541180293831,2.0
2025-04-29 08:30:00,29.83541180293831,2.0
2025-04-29 08:40:00,29.83541180293831,2.0
2025-04-29 08:50:00,29.83541180293831,2.0
2025-04-29 09:00:00,30.645839983706587,2.0
2025-04-29 09:10:00,30.645839983706587,2.0
2025-04-29 09:20:00,30.73825268822225,2.0
2025-04-29 09:30:00,31.21516897559276,2.0
2025-04-29 09:40:00,31.21516897559276,2.0
2025-04-29 09:50:00,31.21516897559276,2.0
2025-04-29 10:00:00,31.370937696725278,2.0
2025-04-29 10:10:00,31.370937696725278,2.0
2025-04-29 10:20:00,32.306102317563095,2.0
2025-04-29 10:30:00,32.306102317563095,2.0
2025-04-29 10:40:00,32.306102317563095,2.0
2025-04-29 10:50:00,33.54819812377192,2.0
2025-04-29 11:00:00,36.60034629814247,2.0
2025-04-29 11:10:00,36.60034629814247,2.0
2025-04-29 11:20:00,39.94892584219183,2.0
2025-04-29 11:30:00,39.94892584219183,2.0
2025-04-29 11:40:00,41.4863422011138,2.0
2025-04-29 11:50:00,42.303506915798096,2.0
2025-04-29 12:00:00,46.601535979234264,2.0
2025-04-29 12:10:00,46.60286480700627,2.0
2025-04-29 12:20:00,46.60286480700627,2.0
2025-04-29 12:30:00,47.96476378018108,2.0
2025-04-29 12:40:00,52.52386597494721,3.0
2025-04-29 12:50:00,52.52386597494721,3.0
2025-04-29 13:00:00,54.8120160414205,3.0
2025-04-29 13:10:00,56.610127646274776,3.0
2025-04-29 13:20:00,56.610127646274776,3.0
2025-04-29 13:30:00,56.82384467788012,3.0
2025-04-29 13:40:00,57.84256557376257,3.0
2025-04-29 13:50:00,57.84256557376257,3.0
2025-04-29 14:00:00,58.06183046131602,3.0
2025-04-29 14:10:00,58.06183046131602,3.0
2025-04-29 14:20:00,58.06183046131602,3.0
2025-04-29 14:30:00,58.06183046131602,3.0
2025-04-29 14:40:00,58.06183046131602,3.0
2025-04-29 14:50:00,58.06183046131602,3.0
2025-04-29 15:00:00,58.06183046131602,3.0
2025-04-29 15:10:00,58.06183046131602,3.0
2025-04-29 15:20:00,58.06183046131602,3.0
2025-04-29 15:30:00,58.06183046131602,3.0
2025-04-29 15:40:00,58.06183046131602,3.0
2025-04-29 15:50:00,57.780779234951396,3.0
2025-04-29 16:00:00,57.780779234951396,3.0
2025-04-29 16:10:00,57.2922024838816,3.0
2025-04-29 16:20:00,56.74159854396695,3.0
2025-04-29 16:30:00,56.74159854396695,3.0
2025-04-29 16:40:00,56.19454506575561,3.0
2025-04-29 16:50:00,54.65200856732465,3.0
2025-04-29 17:00:00,53.113213549589226,3.0
2025-04-29 17:10:00,51.87895263650171,3.0
2025-04-29 17:20:00,51.85295329062519,3.0
2025-04-29 17:30:00,48.878764742456426,2.0
2025-04-29 17:40:00,48.878764742456426,2.0
2025-04-29 17:50:00,45.77693190532017,2.0
2025-04-29 18:00:00,42.91379806190284,2.0
2025-04-29 18:10:00,42.91379806190284,2.0
2025-04-29 18:20:00,40.95263098425069,2.0
2025-04-29 18:30:00,36.489848040020554,2.0
2025-04-29 18:40:00,34.76326681887431,2.0
2025-04-29 18:50:00,25.859200948506313,2.0
2025-04-29 19:00:00,24.84155505352847,2.0
2025-04-29 19:10:00,23.58756623876026,2.0
2025-04-29 19:20:00,20.235155414326087,2.0
2025-04-29 19:30:00,16.247976540041613,1.0
2025-04-29 19:40:00,15.152063857208054,1.0
2025-04-29 19:50:00,15.152063857208054,1.0
2025-04-29 20:00:00,14.280346739664742,1.0
2025-04-29 20:10:00,14.280346739664742,1.0
2025-04-29 20:20:00,14.280346739664742,1.0
2025-04-29 20:30:00,14.280346739664742,1.0
2025-04-29 20:40:00,14.280346739664742,1.0
2025-04-29 20:50:00,14.280346739664742,1.0
2025-04-29 21:00:00,,
2025-04-29 21:10:00,,
2025-04-29 21:20:00,,
2025-04-29 21:30:00,,
2025-04-29 21:40:00,,
2025-04-29 21:50:00,,
2025-04-29 22:00:00,,
2025-04-29 22:10:00,,
2025-04-29 22:20:00,,
2025-04-29 22:30:00,,
2025-04-29 22:40:00,,
2025-04-29 22:50:00,,
2025-04-29 23:00:00,,
2025-04-29 23:10:00,,
2025-04-29 23:20:00,,
2025-04-29 23:30:00,,
2025-04-29 23:40:00,,
2025-04-29 23:50:00,,
2025-04-30 00:00:00,,
2025-04-30 00:10:00,,
2025-04-30 00:20:00,,
2025-04-30 00:30:00,,
2025-04-30 00:40:00,,
2025-04-30 00:50:00,,
2025-04-30 01:00:00,,
2025-04-30 01:10:00,,
2025-04-30 01:20:00,,
2025-04-30 01:30:00,,
2025-04-30 01:40:00,,
2025-04-30 01:50:00,,
2025-04-30 02:00:00,,
2025-04-30 02:10:00,,
2025-04-30 02:20:00,,
2025-04-30 02:30:00,,
2025-04-30 02:40:00,,
2025-04-30 02:50:00,,
2025-04-30 03:00:00,,
2025-04-30 03:10:00,,
2025-04-30 03:20:00,,
2025-04-30 03:30:00,,
2025-04-30 03:40:00,,
2025-04-30 03:50:00,,
2025-04-30 04:00:00,,
2025-04-30 04:10:00,,
2025-04-30 04:20:00,,
2025-04-30 04:30:00,,
2025-04-30 04:40:00,,
2025-04-30 04:50:00,,
2025-04-30 05:00:00,,
2025-04-30 05:10:00,,
2025-04-30 05:20:00,,
2025-04-30 05:30:00,,
2025-04-30 05:40:00,,
2025-04-30 05:50:00,,
2025-04-30 06:00:00,,
2025-04-30 06:10:00,,
2025-04-30 06:20:00,,
2025-04-30 06:30:00,,
2025-04-30 06:40:00,,
2025-04-30 06:50:00,,
2025-04-30 07:00:00,,
2025-04-30 07:10:00,,
2025-04-30 07:20:00,,
2025-04-30 07:30:00,,
2025-04-30 07:40:00,,
2025-04-30 07:50:00,,
2025-04-30 08:00:00,27.926182166384084,2.0
2025-04-30 08:10:00,29.29384077743316,2.0
2025-04-30 08:20:00,29.693174285852855,2.0
2025-04-30 08:30:00,29.693174285852855,2.0
2025-04-30 08:40:00,29.693174285852855,2.0
2025-04-30 08:50:00,29.693174285852855,2.0
2025-04-30 09:00:00,30.503602466621132,2.0
2025-04-30 09:10:00,30.503602466621132,2.0
2025-04-30 09:20:00,30.596015171136802,2.0
2025-04-30 09:30:00,31.072931458507306,2.0
2025-04-30 09:40:00,31.072931458507306,2.0
2025-04-30 09:50:00,31.072931458507306,2.0
2025-04-30 10:00:00,31.228700179639823,2.0
2025-04-30 10:10:00,31.228700179639823,2.0
2025-04-30 10:20:00,32.16386480047765,2.0
2025-04-30 10:30:00,32.16386480047765,2.0
2025-04-30 10:40:00,32.16386480047765,2.0
2025-04-30 10:50:00,33.40596060668646,2.0
2025-04-30 11:00:00,36.04755809757759,2.0
2025-04-30 11:10:00,36.04755809757759,2.0
2025-04-30 11:20:00,39.39613764162695,2.0
2025-04-30 11:30:00,39.39613764162695,2.0
2025-04-30 11:40:00,40.933554000548924,2.0
2025-04-30 11:50:00,41.75071871523322,2.0
2025-04-30 12:00:00,46.04874777866939,2.0
2025-04-30 12:10:00,46.05007660644139,2.0
2025-04-30 12:20:00,46.05007660644139,2.0
2025-04-30 12:30:00,47.41197557961621,2.0
2025-04-30 12:40:00,51.971081926969134,3.0
2025-04-30 12:50:00,51.971081926969134,3.0
2025-04-30 13:00:00,54.25922784085562,3.0
2025-04-30 13:10:00,56.31739104069015,3.0
2025-04-30 13:20:00,56.31739104069015,3.0
2025-04-30 13:30:00,56.53110807229549,3.0
2025-04-30 13:40:00,57.692063370823305,3.0
2025-04-30 13:50:00,57.692063370823305,3.0
2025-04-30 14:00:00,58.46602664886387,3.0
2025-04-30 14:10:00,58.46602664886387,3.0
2025-04-30 14:20:00,58.46602664886387,3.0
2025-04-30 14:30:00,58.46602664886387,3.0
2025-04-30 14:40:00,58.46602664886387,3.0
2025-04-30 14:50:00,58.46602664886387,3.0
2025-04-30 15:00:00,58.46602664886387,3.0
2025-04-30 15:10:00,58.46602664886387,3.0
2025-04-30 15:20:00,58.46602664886387,3.0
2025-04-30 15:30:00,58.46602664886387,3.0
2025-04-30 15:40:00,58.46602664886387,3.0
2025-04-30 15:50:00,58.18497542249925,3.0
2025-04-30 16:00:00,58.18497542249925,3.0
2025-04-30 16:10:00,57.69639867142945,3.0
2025-04-30 16:20:00,57.1457947315148,3.0
2025-04-30 16:30:00,57.1457947315148,3.0
2025-04-30 16:40:00,56.23490405674329,3.0
2025-04-30 16:50:00,54.842869761251606,3.0
2025-04-30 17:00:00,53.30407474351618,3.0
2025-04-30 17:10:00,52.06981383042868,3.0
2025-04-30 17:20:00,52.04381448455216,3.0
2025-04-30 17:30:00,49.06962386008998,2.0
2025-04-30 17:40:00,49.06962386008998,2.0
2025-04-30 17:50:00,45.96779102295373,2.0
2025-04-30 18:00:00,43.1046571795364,2.0
2025-04-30 18:10:00,43.1046571795364,2.0
2025-04-30 18:20:00,41.14349010188425,2.0
2025-04-30 18:30:00,36.68070715765412,2.0
2025-04-30 18:40:00,34.95412593650788,2.0
2025-04-30 18:50:00,26.050060066139878,2.0
2025-04-30 19:00:00,25.032414171162035,2.0
2025-04-30 19:10:00,23.77842535639382,2.0
2025-04-30 19:20:00,20.42601479149633,2.0
2025-04-30 19:30:00,16.438835852327685,1.0
2025-04-30 19:40:00,15.152063857208054,1.0
2025-04-30 19:50:00,15.152063857208054,1.0
2025-04-30 20:00:00,14.280346739664742,1.0
2025-04-30 20:10:00,14.280346739664742,1.0
2025-04-30 20:20:00,14.280346739664742,1.0
2025-04-30 20:30:00,14.280346739664742,1.0
2025-04-30 20:40:00,14.280346739664742,1.0
2025-04-30 20:50:00,14.280346739664742,1.0
2025-04-30 21:00:00,,
2025-04-30 21:10:00,,
2025-04-30 21:20:00,,
2025-04-30 21:30:00,,
2025-04-30 21:40:00,,
2025-04-30 21:50:00,,
2025-04-30 22:00:00,,
2025-04-30 22:10:00,,
2025-04-30 22:20:00,,
2025-04-30 22:30:00,,
2025-04-30 22:40:00,,
2025-04-30 22:50:00,,
2025-04-30 23:00:00,,
2025-04-30 23:10:00,,
2025-04-30 23:20:00,,
2025-04-30 23:30:00,,
2025-04-30 23:40:00,,
2025-04-30 23:50:00,,
2025-05-01 00:00:00,,
2025-05-01 00:10:00,,
2025-05-01 00:20:00,,
2025-05-01 00:30:00,,
2025-05-01 00:40:00,,
2025-05-01 00:50:00,,
2025-05-01 01:00:00,,
2025-05-01 01:10:00,,
2025-05-01 01:20:00,,
2025-05-01 01:30:00,,
2025-05-01 01:40:00,,
2025-05-01 01:50:00,,
2025-05-01 02:00:00,,
2025-05-01 02:10:00,,
2025-05-01 02:20:00,,
2025-05-01 02:30:00,,
2025-05-01 02:40:00,,
2025-05-01 02:50:00,,
2025-05-01 03:00:00,,
2025-05-01 03:10:00,,
2025-05-01 03:20:00,,
2025-05-01 03:30:00,,
2025-05-01 03:40:00,,
2025-05-01 03:50:00,,
2025-05-01 04:00:00,,
2025-05-01 04:10:00,,
2025-05-01 04:20:00,,
2025-05-01 04:30:00,,
2025-05-01 04:40:00,,
2025-05-01 04:50:00,,
2025-05-01 05:00:00,,
2025-05-01 05:10:00,,
2025-05-01 05:20:00,,
2025-05-01 05:30:00,,
2025-05-01 05:40:00,,
2025-05-01 05:50:00,,
2025-05-01 06:00:00,,
2025-05-01 06:10:00,,
2025-05-01 06:20:00,,
2025-05-01 06:30:00,,
2025-05-01 06:40:00,,
2025-05-01 06:50:00,,
2025-05-01 07:00:00,,
2025-05-01 07:10:00,,
2025-05-01 07:20:00,,
2025-05-01 07:30:00,,
2025-05-01 07:40:00,,
2025-05-01 07:50:00,,
2025-05-01 08:00:00,19.434197726800047,1.0
2025-05-01 08:10:00,19.243062721681785,1.0
2025-05-01 08:20:00,20.110476331861545,2.0
2025-05-01 08:30:00,20.110476331861545,2.0
2025-05-01 08:40:00,20.110476331861545,2.0
2025-05-01 08:50:00,20.265339789074382,2.0
2025-05-01 09:00:00,20.573279014888048,2.0
2025-05-01 09:10:00,20.573279014888048,2.0
2025-05-01 09:20:00,20.573279014888048,2.0
2025-05-01 09:30:00,20.799406571181176,2.0
2025-05-01 09:40:00,20.799406571181176,2.0
2025-05-01 09:50:00,20.700891899917956,2.0
2025-05-01 10:00:00,21.068224536406497,2.0
2025-05-01 10:10:00,21.068224536406497,2.0
2025-05-01 10:20:00,21.85164481178224,2.0
2025-05-01 10:30:00,21.85164481178224,2.0
2025-05-01 10:40:00,21.85164481178224,2.0
2025-05-01 10:50:00,22.500624051766057,2.0
2025-05-01 11:00:00,23.770117587452088,2.0
2025-05-01 11:10:00,23.770117587452088,2.0
2025-05-01 11:20:00,25.724766141994568,2.0
2025-05-01 11:30:00,26.715437352274172,2.0
2025-05-01 11:40:00,27.27568775129618,2.0
2025-05-01 11:50:00,27.928314519699462,2.0
2025-05-01 12:00:00,31.02880191871657,2.0
2025-05-01 12:10:00,31.58979563077354,2.0
2025-05-01 12:20:00,31.58979563077354,2.0
2025-05-01 12:30:00,33.87692623719049,2.0
2025-05-01 12:40:00,38.43772891624611,2.0
2025-05-01 12:50:00,38.43772891624611,2.0
2025-05-01 13:00:00,39.593570304145125,2.0
2025-05-01 13:10:00,41.13120675016683,2.0
2025-05-01 13:20:00,41.13120675016683,2.0
2025-05-01 13:30:00,41.72088653175184,2.0
2025-05-01 13:40:00,41.71613597246694,2.0
2025-05-01 13:50:00,41.71613597246694,2.0
2025-05-01 14:00:00,42.142023197099284,2.0
2025-05-01 14:10:00,42.142023197099284,2.0
2025-05-01 14:20:00,42.142023197099284,2.0
2025-05-01 14:30:00,41.97474039095174,2.0
2025-05-01 14:40:00,41.97474039095174,2.0
2025-05-01 14:50:00,41.97474039095174,2.0
2025-05-01 15:00:00,41.97474039095174,2.0
2025-05-01 15:10:00,41.97474039095174,2.0
2025-05-01 15:20:00,41.97474039095174,2.0
2025-05-01 15:30:00,41.97474039095174,2.0
2025-05-01 15:40:00,41.97474039095174,2.0
2025-05-01 15:50:00,41.80478747149983,2.0
2025-05-01 16:00:00,41.80478747149983,2.0
2025-05-01 16:10:00,41.335665589529455,2.0
2025-05-01 16:20:00,41.20435249013521,2.0
2025-05-01 16:30:00,41.20435249013521,2.0
2025-05-01 16:40:00,40.80138131568967,2.0
2025-05-01 16:50:00,37.46857744884601,2.0
2025-05-01 17:00:00,37.155912579268175,2.0
2025-05-01 17:10:00,35.411197011620935,2.0
2025-05-01 17:20:00,34.041845183309256,2.0
2025-05-01 17:30:00,30.597992840594344,2.0
2025-05-01 17:40:00,30.597992840594344,2.0
2025-05-01 17:50:00,27.461850293273084,2.0
2025-05-01 18:00:00,25.247608485517034,2.0
2025-05-01 18:10:00,25.247608485517034,2.0
2025-05-01 18:20:00,23.44106920577753,2.0
2025-05-01 18:30:00,19.236787903509203,1.0
2025-05-01 18:40:00,18.130831670456736,1.0
2025-05-01 18:50:00,14.588902105543001,1.0
2025-05-01 19:00:00,13.702842342540684,1.0
2025-05-01 19:10:00,12.795147083302155,1.0
2025-05-01 19:20:00,11.967125170925273,1.0
2025-05-01 19:30:00,10.260009200345428,1.0
2025-05-01 19:40:00,9.524792671472303,1.0
2025-05-01 19:50:00,9.524792671472303,1.0
2025-05-01 20:00:00,8.684418111085987,1.0
2025-05-01 20:10:00,8.684418111085987,1.0
2025-05-01 20:20:00,8.684418111085987,1.0
2025-05-01 20:30:00,8.684418111085987,1.0
2025-05-01 20:40:00,8.684418111085987,1.0
2025-05-01 20:50:00,8.684418111085987,1.0
2025-05-01 21:00:00,,
2025-05-01 21:10:00,,
2025-05-01 21:20:00,,
2025-05-01 21:30:00,,
2025-05-01 21:40:00,,
2025-05-01 21:50:00,,
2025-05-01 22:00:00,,
2025-05-01 22:10:00,,
2025-05-01 22:20:00,,
2025-05-01 22:30:00,,
2025-05-01 22:40:00,,
2025-05-01 22:50:00,,
2025-05-01 23:00:00,,
2025-05-01 23:10:00,,
2025-05-01 23:20:00,,
2025-05-01 23:30:00,,
2025-05-01 23:40:00,,
2025-05-01 23:50:00,,
2025-05-02 00:00:00,,
2025-05-02 00:10:00,,
2025-05-02 00:20:00,,
2025-05-02 00:30:00,,
2025-05-02 00:40:00,,
2025-05-02 00:50:00,,
2025-05-02 01:00:00,,
2025-05-02 01:10:00,,
2025-05-02 01:20:00,,
2025-05-02 01:30:00,,
2025-05-02 01:40:00,,
2025-05-02 01:50:00,,
2025-05-02 02:00:00,,
2025-05-02 02:10:00,,
2025-05-02 02:20:00,,
2025-05-02 02:30:00,,
2025-05-02 02:40:00,,
2025-05-02 02:50:00,,
2025-05-02 03:00:00,,
2025-05-02 03:10:00,,
2025-05-02 03:20:00,,
2025-05-02 03:30:00,,
2025-05-02 03:40:00,,
2025-05-02 03:50:00,,
2025-05-02 04:00:00,,
2025-05-02 04:10:00,,
2025-05-02 04:20:00,,
2025-05-02 04:30:00,,
2025-05-02 04:40:00,,
2025-05-02 04:50:00,,
2025-05-02 05:00:00,,
2025-05-02 05:10:00,,
2025-05-02 05:20:00,,
2025-05-02 05:30:00,,
2025-05-02 05:40:00,,
2025-05-02 05:50:00,,
2025-05-02 06:00:00,,
2025-05-02 06:10:00,,
2025-05-02 06:20:00,,
2025-05-02 06:30:00,,
2025-05-02 06:40:00,,
2025-05-02 06:50:00,,
2025-05-02 07:00:00,,
2025-05-02 07:10:00,,
2025-05-02 07:20:00,,
2025-05-02 07:30:00,,
2025-05-02 07:40:00,,
2025-05-02 07:50:00,,
2025-05-02 08:00:00,18.528525815473728,1.0
2025-05-02 08:10:00,18.641224555288005,1.0
2025-05-02 08:20:00,19.219722329032635,1.0
2025-05-02 08:30:00,19.219722329032635,1.0
2025-05-02 08:40:00,19.219722329032635,1.0
2025-05-02 08:50:00,19.219722329032635,1.0
2025-05-02 09:00:00,19.527661814382974,1.0
2025-05-02 09:10:00,19.527661814382974,1.0
2025-05-02 09:20:00,19.702099527565377,1.0
2025-05-02 09:30:00,19.854002969008754,1.0
2025-05-02 09:40:00,19.854002969008754,1.0
2025-05-02 09:50:00,19.81692867416998,1.0
2025-05-02 10:00:00,20.045926706079964,2.0
2025-05-02 10:10:00,20.045926706079964,2.0
2025-05-02 10:20:00,20.626360753182603,2.0
2025-05-02 10:30:00,20.626360753182603,2.0
2025-05-02 10:40:00,20.626360753182603,2.0
2025-05-02 10:50:00,20.840065846100934,2.0
2025-05-02 11:00:00,21.88773234818564,2.0
2025-05-02 11:10:00,21.88773234818564,2.0
2025-05-02 11:20:00,23.586674989820995,2.0
2025-05-02 11:30:00,24.80736628743366,2.0
2025-05-02 11:40:00,24.920031157711946,2.0
2025-05-02 11:50:00,25.572659483335276,2.0
2025-05-02 12:00:00,28.88461476913895,2.0
2025-05-02 12:10:00,28.97686033203642,2.0
2025-05-02 12:20:00,28.97686033203642,2.0
2025-05-02 12:30:00,31.132813836276416,2.0
2025-05-02 12:40:00,35.05201486484955,2.0
2025-05-02 12:50:00,35.05201486484955,2.0
2025-05-02 13:00:00,35.65532551256452,2.0
2025-05-02 13:10:00,37.48895626850566,2.0
2025-05-02 13:20:00,37.48895626850566,2.0
2025-05-02 13:30:00,38.11762261114508,2.0
2025-05-02 13:40:00,38.722141661615204,2.0
2025-05-02 13:50:00,38.722141661615204,2.0
2025-05-02 14:00:00,39.48270661838591,2.0
2025-05-02 14:10:00,39.48270661838591,2.0
2025-05-02 14:20:00,39.48270661838591,2.0
2025-05-02 14:30:00,39.48270661838591,2.0
2025-05-02 14:40:00,39.48270661838591,2.0
2025-05-02 14:50:00,39.39748930862628,2.0
2025-05-02 15:00:00,39.39748930862628,2.0
2025-05-02 15:10:00,39.28129577772531,2.0
2025-05-02 15:20:00,39.28129577772531,2.0
2025-05-02 15:30:00,39.28129577772531,2.0
2025-05-02 15:40:00,39.28129577772531,2.0
2025-05-02 15:50:00,39.000246627654086,2.0
2025-05-02 16:00:00,39.000246627654086,2.0
2025-05-02 16:10:00,38.3321784652815,2.0
2025-05-02 16:20:00,37.59300971193337,2.0
2025-05-02 16:30:00,37.59300971193337,2.0
2025-05-02 16:40:00,36.199146201961796,2.0
2025-05-02 16:50:00,32.987269814956846,2.0
2025-05-02 17:00:00,33.09356046451633,2.0
2025-05-02 17:10:00,31.647867480703297,2.0
2025-05-02 17:20:00,29.859340046154568,2.0
2025-05-02 17:30:00,26.199687111413684,2.0
2025-05-02 17:40:00,26.199687111413684,2.0
2025-05-02 17:50:00,23.73927840167474,2.0
2025-05-02 18:00:00,21.74421064363615,2.0
2025-05-02 18:10:00,21.74421064363615,2.0
2025-05-02 18:20:00,19.53883979940489,1.0
2025-05-02 18:30:00,16.187249694818767,1.0
2025-05-02 18:40:00,15.20512184789692,1.0
2025-05-02 18:50:00,11.467113753062748,1.0
2025-05-02 19:00:00,11.249486541923627,1.0
2025-05-02 19:10:00,10.909146757700515,1.0
2025-05-02 19:20:00,10.081127700227052,1.0
2025-05-02 19:30:00,9.04164387040711,1.0
2025-05-02 19:40:00,8.202639663660669,1.0
2025-05-02 19:50:00,8.202639663660669,1.0
2025-05-02 20:00:00,7.151569078556912,1.0
2025-05-02 20:10:00,7.151569078556912,1.0
2025-05-02 20:20:00,7.151569078556912,1.0
2025-05-02 20:30:00,7.151569078556912,1.0
2025-05-02 20:40:00,7.151569078556912,1.0
2025-05-02 20:50:00,7.151569078556912,1.0
2025-05-02 21:00:00,,
2025-05-02 21:10:00,,
2025-05-02 21:20:00,,
2025-05-02 21:30:00,,
2025-05-02 21:40:00,,
2025-05-02 21:50:00,,
2025-05-02 22:00:00,,
2025-05-02 22:10:00,,
2025-05-02 22:20:00,,
2025-05-02 22:30:00,,
2025-05-02 22:40:00,,
2025-05-02 22:50:00,,
2025-05-02 23:00:00,,
2025-05-02 23:10:00,,
2025-05-02 23:20:00,,
2025-05-02 23:30:00,,
2025-05-02 23:40:00,,
2025-05-02 23:50:00,,
2025-05-03 00:00:00,,
2025-05-03 00:10:00,,
2025-05-03 00:20:00,,
2025-05-03 00:30:00,,
2025-05-03 00:40:00,,
2025-05-03 00:50:00,,
2025-05-03 01:00:00,,
2025-05-03 01:10:00,,
2025-05-03 01:20:00,,
2025-05-03 01:30:00,,
2025-05-03 01:40:00,,
2025-05-03 01:50:00,,
2025-05-03 02:00:00,,
2025-05-03 02:10:00,,
2025-05-03 02:20:00,,
2025-05-03 02:30:00,,
2025-05-03 02:40:00,,
2025-05-03 02:50:00,,
2025-05-03 03:00:00,,
2025-05-03 03:10:00,,
2025-05-03 03:20:00,,
2025-05-03 03:30:00,,
2025-05-03 03:40:00,,
2025-05-03 03:50:00,,
2025-05-03 04:00:00,,
2025-05-03 04:10:00,,
2025-05-03 04:20:00,,
2025-05-03 04:30:00,,
2025-05-03 04:40:00,,
2025-05-03 04:50:00,,
2025-05-03 05:00:00,,
2025-05-03 05:10:00,,
2025-05-03 05:20:00,,
2025-05-03 05:30:00,,
2025-05-03 05:40:00,,
2025-05-03 05:50:00,,
2025-05-03 06:00:00,,
2025-05-03 06:10:00,,
2025-05-03 06:20:00,,
2025-05-03 06:30:00,,
2025-05-03 06:40:00,,
2025-05-03 06:50:00,,
2025-05-03 07:00:00,,
2025-05-03 07:10:00,,
2025-05-03 07:20:00,,
2025-05-03 07:30:00,,
2025-05-03 07:40:00,,
2025-05-03 07:50:00,,
2025-05-03 08:00:00,37.435852988667136,2.0
2025-05-03 08:10:00,40.40278696771815,2.0
2025-05-03 08:20:00,41.85357621366614,2.0
2025-05-03 08:30:00,41.85357621366614,2.0
2025-05-03 08:40:00,41.85357621366614,2.0
2025-05-03 08:50:00,42.00844070902567,2.0
2025-05-03 09:00:00,42.70649262429739,2.0
2025-05-03 09:10:00,42.70649262429739,2.0
2025-05-03 09:20:00,42.904465123097935,2.0
2025-05-03 09:30:00,43.53994586065564,2.0
2025-05-03 09:40:00,43.53994586065564,2.0
2025-05-03 09:50:00,43.71573108825059,2.0
2025-05-03 10:00:00,43.50111709789915,2.0
2025-05-03 10:10:00,43.50111709789915,2.0
2025-05-03 10:20:00,44.530640948309276,2.0
2025-05-03 10:30:00,44.530640948309276,2.0
2025-05-03 10:40:00,44.530640948309276,2.0
2025-05-03 10:50:00,45.133974435251574,2.0
2025-05-03 11:00:00,45.973193538364264,2.0
2025-05-03 11:10:00,45.973193538364264,2.0
2025-05-03 11:20:00,53.647921387281336,3.0
2025-05-03 11:30:00,55.89084978363877,3.0
2025-05-03 11:40:00,57.428261989973954,3.0
2025-05-03 11:50:00,58.504247057656,3.0
2025-05-03 12:00:00,62.80251074224566,3.0
2025-05-03 12:10:00,62.80384372260445,3.0
2025-05-03 12:20:00,62.80384372260445,3.0
2025-05-03 12:30:00,63.56799859065295,3.0
2025-05-03 12:40:00,68.55505599827161,3.0
2025-05-03 12:50:00,68.55505599827161,3.0
2025-05-03 13:00:00,70.22031804662026,3.0
2025-05-03 13:10:00,71.86108813809626,3.0
2025-05-03 13:20:00,71.86108813809626,3.0
2025-05-03 13:30:00,71.86108813809626,3.0
2025-05-03 13:40:00,72.1752811596119,3.0
2025-05-03 13:50:00,72.1752811596119,3.0
2025-05-03 14:00:00,72.81244577111194,3.0
2025-05-03 14:10:00,72.81244577111194,3.0
2025-05-03 14:20:00,72.81244577111194,3.0
2025-05-03 14:30:00,72.81244577111194,3.0
2025-05-03 14:40:00,72.81244577111194,3.0
2025-05-03 14:50:00,72.81244577111194,3.0
2025-05-03 15:00:00,72.81244577111194,3.0
2025-05-03 15:10:00,72.81244577111194,3.0
2025-05-03 15:20:00,72.81244577111194,3.0
2025-05-03 15:30:00,72.81244577111194,3.0
2025-05-03 15:40:00,72.81244577111194,3.0
2025-05-03 15:50:00,72.64249285166002,3.0
2025-05-03 16:00:00,72.64249285166002,3.0
2025-05-03 16:10:00,72.20419977400003,3.0
2025-05-03 16:20:00,71.70591842760784,3.0
2025-05-03 16:30:00,71.70591842760784,3.0
2025-05-03 16:40:00,70.1848009718268,3.0
2025-05-03 16:50:00,69.15441961224505,3.0
2025-05-03 17:00:00,67.55571937751319,3.0
2025-05-03 17:10:00,66.30036747613198,3.0
2025-05-03 17:20:00,66.27436397766867,3.0
2025-05-03 17:30:00,64.01935570634642,3.0
2025-05-03 17:40:00,64.01935570634642,3.0
2025-05-03 17:50:00,61.69974564237105,3.0
2025-05-03 18:00:00,58.86619482722785,3.0
2025-05-03 18:10:00,58.86619482722785,3.0
2025-05-03 18:20:00,55.10111913356607,3.0
2025-05-03 18:30:00,49.20843653122246,2.0
2025-05-03 18:40:00,47.481853233782815,2.0
2025-05-03 18:50:00,40.0752454559741,2.0
2025-05-03 19:00:00,39.84914125798166,2.0
2025-05-03 19:10:00,36.227174086484005,2.0
2025-05-03 19:20:00,31.122701249302164,2.0
2025-05-03 19:30:00,24.47756732569726,2.0
2025-05-03 19:40:00,22.62136155075924,2.0
2025-05-03 19:50:00,22.62136155075924,2.0
2025-05-03 20:00:00,11.280178829943369,1.0
2025-05-03 20:10:00,10.877053490713342,1.0
2025-05-03 20:20:00,10.877053490713342,1.0
2025-05-03 20:30:00,10.877053490713342,1.0
2025-05-03 20:40:00,10.877053490713342,1.0
2025-05-03 20:50:00,10.877053490713342,1.0
2025-05-03 21:00:00,,
2025-05-03 21:10:00,,
2025-05-03 21:20:00,,
2025-05-03 21:30:00,,
2025-05-03 21:40:00,,
2025-05-03 21:50:00,,
2025-05-03 22:00:00,,
2025-05-03 22:10:00,,
2025-05-03 22:20:00,,
2025-05-03 22:30:00,,
2025-05-03 22:40:00,,
2025-05-03 22:50:00,,
2025-05-03 23:00:00,,
2025-05-03 23:10:00,,
2025-05-03 23:20:00,,
2025-05-03 23:30:00,,
2025-05-03 23:40:00,,
2025-05-03 23:50:00,,
2025-05-04 00:00:00,,
2025-05-04 00:10:00,,
2025-05-04 00:20:00,,
2025-05-04 00:30:00,,
2025-05-04 00:40:00,,
2025-05-04 00:50:00,,
2025-05-04 01:00:00,,
2025-05-04 01:10:00,,
2025-05-04 01:20:00,,
2025-05-04 01:30:00,,
2025-05-04 01:40:00,,
2025-05-04 01:50:00,,
2025-05-04 02:00:00,,
2025-05-04 02:10:00,,
2025-05-04 02:20:00,,
2025-05-04 02:30:00,,
2025-05-04 02:40:00,,
2025-05-04 02:50:00,,
2025-05-04 03:00:00,,
2025-05-04 03:10:00,,
2025-05-04 03:20:00,,
2025-05-04 03:30:00,,
2025-05-04 03:40:00,,
2025-05-04 03:50:00,,
2025-05-04 04:00:00,,
2025-05-04 04:10:00,,
2025-05-04 04:20:00,,
2025-05-04 04:30:00,,
2025-05-04 04:40:00,,
2025-05-04 04:50:00,,
2025-05-04 05:00:00,,
2025-05-04 05:10:00,,
2025-05-04 05:20:00,,
2025-05-04 05:30:00,,
2025-05-04 05:40:00,,
2025-05-04 05:50:00,,
2025-05-04 06:00:00,,
2025-05-04 06:10:00,,
2025-05-04 06:20:00,,
2025-05-04 06:30:00,,
2025-05-04 06:40:00,,
2025-05-04 06:50:00,,
2025-05-04 07:00:00,,
2025-05-04 07:10:00,,
2025-05-04 07:20:00,,
2025-05-04 07:30:00,,
2025-05-04 07:40:00,,
2025-05-04 07:50:00,,
2025-05-04 08:00:00,20.63737003936628,2.0
2025-05-04 08:10:00,20.446235293784696,2.0
2025-05-04 08:20:00,21.337093889893314,2.0
2025-05-04 08:30:00,21.337093889893314,2.0
2025-05-04 08:40:00,21.337093889893314,2.0
2025-05-04 08:50:00,21.49195760664283,2.0
2025-05-04 09:00:00,21.799896313383144,2.0
2025-05-04 09:10:00,21.799896313383144,2.0
2025-05-04 09:20:00,21.799896313383144,2.0
2025-05-04 09:30:00,22.026023869676273,2.0
2025-05-04 09:40:00,22.026023869676273,2.0
2025-05-04 09:50:00,22.026023869676273,2.0
2025-05-04 10:00:00,22.181792590808787,2.0
2025-05-04 10:10:00,22.181792590808787,2.0
2025-05-04 10:20:00,22.612263233107836,2.0
2025-05-04 10:30:00,22.612263233107836,2.0
2025-05-04 10:40:00,22.612263233107836,2.0
2025-05-04 10:50:00,23.261241434944953,2.0
2025-05-04 11:00:00,24.039376505486906,2.0
2025-05-04 11:10:00,24.039376505486906,2.0
2025-05-04 11:20:00,25.600727855578665,2.0
2025-05-04 11:30:00,26.591399584931622,2.0
2025-05-04 11:40:00,27.0260446150988,2.0
2025-05-04 11:50:00,27.67867345979548,2.0
2025-05-04 12:00:00,30.77915878251919,2.0
2025-05-04 12:10:00,30.87140434541666,2.0
2025-05-04 12:20:00,30.87140434541666,2.0
2025-05-04 12:30:00,32.98529941252618,2.0
2025-05-04 12:40:00,36.61131535614164,2.0
2025-05-04 12:50:00,36.61131535614164,2.0
2025-05-04 13:00:00,37.62188057157345,2.0
2025-05-04 13:10:00,39.01866127376325,2.0
2025-05-04 13:20:00,39.01866127376325,2.0
2025-05-04 13:30:00,39.60834105534825,2.0
2025-05-04 13:40:00,39.57824518260586,2.0
2025-05-04 13:50:00,39.57824518260586,2.0
2025-05-04 14:00:00,39.967134935255,2.0
2025-05-04 14:10:00,39.967134935255,2.0
2025-05-04 14:20:00,39.967134935255,2.0
2025-05-04 14:30:00,39.79984797652067,2.0
2025-05-04 14:40:00,39.79984797652067,2.0
2025-05-04 14:50:00,39.79984797652067,2.0
2025-05-04 15:00:00,39.79984797652067,2.0
2025-05-04 15:10:00,39.6836544456197,2.0
2025-05-04 15:20:00,39.6836544456197,2.0
2025-05-04 15:30:00,39.6836544456197,2.0
2025-05-04 15:40:00,39.6836544456197,2.0
2025-05-04 15:50:00,39.45310697976463,2.0
2025-05-04 16:00:00,39.45310697976463,2.0
2025-05-04 16:10:00,39.08141101270912,2.0
2025-05-04 16:20:00,38.7388475182613,2.0
2025-05-04 16:30:00,38.7388475182613,2.0
2025-05-04 16:40:00,38.29011276112415,2.0
2025-05-04 16:50:00,34.92000413087501,2.0
2025-05-04 17:00:00,34.60733510871039,2.0
2025-05-04 17:10:00,33.62820082267315,2.0
2025-05-04 17:20:00,32.047168806575385,2.0
2025-05-04 17:30:00,28.603316463860477,2.0
2025-05-04 17:40:00,28.603316463860477,2.0
2025-05-04 17:50:00,26.03422729086585,2.0
2025-05-04 18:00:00,23.819982887743055,2.0
2025-05-04 18:10:00,23.819982887743055,2.0
2025-05-04 18:20:00,21.58593220286394,2.0
2025-05-04 18:30:00,17.075857613220126,1.0
2025-05-04 18:40:00,16.093729352661704,1.0
2025-05-04 18:50:00,12.682826099117204,1.0
2025-05-04 19:00:00,12.465198368904735,1.0
2025-05-04 19:10:00,11.55750207151951,1.0
2025-05-04 19:20:00,10.729481975899347,1.0
2025-05-04 19:30:00,9.022364967172805,1.0
2025-05-04 19:40:00,8.221702113308675,1.0
2025-05-04 19:50:00,8.221702113308675,1.0
2025-05-04 20:00:00,7.571696665315001,1.0
2025-05-04 20:10:00,7.571696665315001,1.0
2025-05-04 20:20:00,7.571696665315001,1.0
2025-05-04 20:30:00,7.571696665315001,1.0
2025-05-04 20:40:00,7.571696665315001,1.0
2025-05-04 20:50:00,7.571696665315001,1.0
2025-05-04 21:00:00,,
2025-05-04 21:10:00,,
2025-05-04 21:20:00,,
2025-05-04 21:30:00,,
2025-05-04 21:40:00,,
2025-05-04 21:50:00,,
2025-05-04 22:00:00,,
2025-05-04 22:10:00,,
2025-05-04 22:20:00,,
2025-05-04 22:30:00,,
2025-05-04 22:40:00,,
2025-05-04 22:50:00,,
2025-05-04 23:00:00,,
2025-05-04 23:10:00,,
2025-05-04 23:20:00,,
2025-05-04 23:30:00,,
2025-05-04 23:40:00,,
2025-05-04 23:50:00,,
2025-05-05 00:00:00,,
2025-05-05 00:10:00,,
2025-05-05 00:20:00,,
2025-05-05 00:30:00,,
2025-05-05 00:40:00,,
2025-05-05 00:50:00,,
2025-05-05 01:00:00,,
2025-05-05 01:10:00,,
2025-05-05 01:20:00,,
2025-05-05 01:30:00,,
2025-05-05 01:40:00,,
2025-05-05 01:50:00,,
2025-05-05 02:00:00,,
2025-05-05 02:10:00,,
2025-05-05 02:20:00,,
2025-05-05 02:30:00,,
2025-05-05 02:40:00,,
2025-05-05 02:50:00,,
2025-05-05 03:00:00,,
2025-05-05 03:10:00,,
2025-05-05 03:20:00,,
2025-05-05 03:30:00,,
2025-05-05 03:40:00,,
2025-05-05 03:50:00,,
2025-05-05 04:00:00,,
2025-05-05 04:10:00,,
2025-05-05 04:20:00,,
2025-05-05 04:30:00,,
2025-05-05 04:40:00,,
2025-05-05 04:50:00,,
2025-05-05 05:00:00,,
2025-05-05 05:10:00,,
2025-05-05 05:20:00,,
2025-05-05 05:30:00,,
2025-05-05 05:40:00,,
2025-05-05 05:50:00,,
2025-05-05 06:00:00,,
2025-05-05 06:10:00,,
2025-05-05 06:20:00,,
2025-05-05 06:30:00,,
2025-05-05 06:40:00,,
2025-05-05 06:50:00,,
2025-05-05 07:00:00,,
2025-05-05 07:10:00,,
2025-05-05 07:20:00,,
2025-05-05 07:30:00,,
2025-05-05 07:40:00,,
2025-05-05 07:50:00,,
2025-05-05 08:00:00,27.199489860038994,2.0
2025-05-05 08:10:00,28.04884335120658,2.0
2025-05-05 08:20:00,28.778251449310687,2.0
2025-05-05 08:30:00,28.778251449310687,2.0
2025-05-05 08:40:00,28.778251449310687,2.0
2025-05-05 08:50:00,29.04192929070311,2.0
2025-05-05 09:00:00,29.183985132116614,2.0
2025-05-05 09:10:00,29.183985132116614,2.0
2025-05-05 09:20:00,29.12195794327176,2.0
2025-05-05 09:30:00,29.273861644251813,2.0
2025-05-05 09:40:00,29.273861644251813,2.0
2025-05-05 09:50:00,29.236787349413035,2.0
2025-05-05 10:00:00,29.392555032398853,2.0
2025-05-05 10:10:00,29.392555032398853,2.0
2025-05-05 10:20:00,30.67330623086579,2.0
2025-05-05 10:30:00,30.67330623086579,2.0
2025-05-05 10:40:00,30.67330623086579,2.0
2025-05-05 10:50:00,30.8618243276979,2.0
2025-05-05 11:00:00,32.700591833495174,2.0
2025-05-05 11:10:00,32.700591833495174,2.0
2025-05-05 11:20:00,36.49748672341615,2.0
2025-05-05 11:30:00,37.15542672661404,2.0
2025-05-05 11:40:00,38.094837367442075,2.0
2025-05-05 11:50:00,39.70081293422564,2.0
2025-05-05 12:00:00,44.14003202473011,2.0
2025-05-05 12:10:00,44.263801950224874,2.0
2025-05-05 12:20:00,44.263801950224874,2.0
2025-05-05 12:30:00,44.94934212150586,2.0
2025-05-05 12:40:00,48.464716542755234,2.0
2025-05-05 12:50:00,48.464716542755234,2.0
2025-05-05 13:00:00,49.583448338827786,2.0
2025-05-05 13:10:00,51.62038766759139,3.0
2025-05-05 13:20:00,51.62038766759139,3.0
2025-05-05 13:30:00,52.63595259751535,3.0
2025-05-05 13:40:00,53.28298375522248,3.0
2025-05-05 13:50:00,53.28298375522248,3.0
2025-05-05 14:00:00,53.45067766746199,3.0
2025-05-05 14:10:00,53.45067766746199,3.0
2025-05-05 14:20:00,53.45067766746199,3.0
2025-05-05 14:30:00,53.45067766746199,3.0
2025-05-05 14:40:00,53.45067766746199,3.0
2025-05-05 14:50:00,53.45067766746199,3.0
2025-05-05 15:00:00,53.45067766746199,3.0
2025-05-05 15:10:00,53.33448413656102,3.0
2025-05-05 15:20:00,53.33448413656102,3.0
2025-05-05 15:30:00,53.33448413656102,3.0
2025-05-05 15:40:00,53.33448413656102,3.0
2025-05-05 15:50:00,53.05343291019641,3.0
2025-05-05 16:00:00,53.05343291019641,3.0
2025-05-05 16:10:00,52.90264833135559,3.0
2025-05-05 16:20:00,51.87413148324143,3.0
2025-05-05 16:30:00,51.87413148324143,3.0
2025-05-05 16:40:00,51.072366636658565,3.0
2025-05-05 16:50:00,48.77257064053975,2.0
2025-05-05 17:00:00,47.68503307641489,2.0
2025-05-05 17:10:00,46.01481491573536,2.0
2025-05-05 17:20:00,44.77762020008248,2.0
2025-05-05 17:30:00,42.11972380605042,2.0
2025-05-05 17:40:00,42.11972380605042,2.0
2025-05-05 17:50:00,37.35716977421764,2.0
2025-05-05 18:00:00,34.96657123911001,2.0
2025-05-05 18:10:00,34.96657123911001,2.0
2025-05-05 18:20:00,33.44047379362405,2.0
2025-05-05 18:30:00,28.984361980068037,2.0
2025-05-05 18:40:00,26.547792232929417,2.0
2025-05-05 18:50:00,18.521417235735218,1.0
2025-05-05 19:00:00,17.72987307315142,1.0
2025-05-05 19:10:00,16.863736261751004,1.0
2025-05-05 19:20:00,13.945170178038538,1.0
2025-05-05 19:30:00,11.171915182586476,1.0
2025-05-05 19:40:00,9.678584242220621,1.0
2025-05-05 19:50:00,9.678584242220621,1.0
2025-05-05 20:00:00,9.479511307921387,1.0
2025-05-05 20:10:00,9.479511307921387,1.0
2025-05-05 20:20:00,9.479511307921387,1.0
2025-05-05 20:30:00,9.479511307921387,1.0
2025-05-05 20:40:00,9.479511307921387,1.0
2025-05-05 20:50:00,9.479511307921387,1.0
2025-05-05 21:00:00,,
2025-05-05 21:10:00,,
2025-05-05 21:20:00,,
2025-05-05 21:30:00,,
2025-05-05 21:40:00,,
2025-05-05 21:50:00,,
2025-05-05 22:00:00,,
2025-05-05 22:10:00,,
2025-05-05 22:20:00,,
2025-05-05 22:30:00,,
2025-05-05 22:40:00,,
2025-05-05 22:50:00,,
2025-05-05 23:00:00,,
